id,n,c,a,postcode,lat,lng,days,open,close,dt,acc,t,g,org,source,student_only,registration,institution,tags,description_original,description_plain,phone,website,free
ph_2243,A H Tod Ltd,Pharmacy,"Portacabin, 84, 86 Colinton Mains Drive, Edinburgh",EH139BJ,55.909469,-3.233258,,,,Call the pharmacy for opening times,Walk in - no appointment needed,Advice and treatment for minor injuries and common illnesses,0,NHS Scotland,opendata.nhs.scot,0,0,all,nhs;pharmacy,"A H Tod Ltd is a pharmacy.
You can ask the pharmacist for advice. You do not need an appointment.
They can help with small injuries and common illnesses.","A H Tod Ltd is a pharmacy.
You can ask the pharmacist for advice. You do not need an appointment.
They can help with small injuries and common illnesses.",0131 4413388,,1
ph_2583,Ac Still Ltd,Pharmacy,"Bathgate Primary Care Resource Centre, Whitburn Road, Bathgate",EH482SS,55.897719,-3.647037,,,,Call the pharmacy for opening times,Walk in - no appointment needed,Advice and treatment for minor injuries and common illnesses,0,NHS Scotland,opendata.nhs.scot,0,0,all,nhs;pharmacy,"Ac Still Ltd is a pharmacy.
You can ask the pharmacist for advice. You do not need an appointment.
They can help with small injuries and common illnesses.","Ac Still Ltd is a pharmacy.
You can ask the pharmacist for advice. You do not need an appointment.
They can help with small injuries and common illnesses.",01506631601,,1
ph_2605,Ac Still Ltd,Pharmacy,"483a Calder Road, Sighthill, Edinburgh",EH114AW,55.922438,-3.286575,,,,Call the pharmacy for opening times,Walk in - no appointment needed,Advice and treatment for minor injuries and common illnesses,0,NHS Scotland,opendata.nhs.scot,0,0,all,nhs;pharmacy,"Ac Still Ltd is a pharmacy.
You can ask the pharmacist for advice. You do not need an appointment.
They can help with small injuries and common illnesses.","Ac Still Ltd is a pharmacy.
You can ask the pharmacist for advice. You do not need an appointment.
They can help with small injuries and common illnesses.",0131 442 2894,,1
ph_2609,Ac Still Ltd,Pharmacy,"17 Eskdaill Court, Dalkeith",EH221AG,55.893153,-3.069882,,,,Call the pharmacy for opening times,Walk in - no appointment needed,Advice and treatment for minor injuries and common illnesses,0,NHS Scotland,opendata.nhs.scot,0,0,all,nhs;pharmacy,"Ac Still Ltd is a pharmacy.
You can ask the pharmacist for advice. You do not need an appointment.
They can help with small injuries and common illnesses.","Ac Still Ltd is a pharmacy.
You can ask the pharmacist for advice. You do not need an appointment.
They can help with small injuries and common illnesses.",0131 663 6789,,1
ph_2610,Af Pharma Ltd,Pharmacy,"129 Bruntsfield Place, Edinburgh",EH104EQ,55.936739,-3.207184,,,,Call the pharmacy for opening times,Walk in - no appointment needed,Advice and treatment for minor injuries and common illnesses,0,NHS Scotland,opendata.nhs.scot,0,0,all,nhs;pharmacy,"Af Pharma Ltd is a pharmacy.
You can ask the pharmacist for advice. You do not need an appointment.
They can help with small injuries and common illnesses.","Af Pharma Ltd is a pharmacy.
You can ask the pharmacist for advice. You do not need an appointment.
They can help with small injuries and common illnesses.",0131 563 6824,,1
ph_2105,Al-shafah Ltd,Pharmacy,"79 Nicholson Street, Edinburgh",EH8 9BZ,55.945518,-3.184896,,,,Call the pharmacy for opening times,Walk in - no appointment needed,Advice and treatment for minor injuries and common illnesses,0,NHS Scotland,opendata.nhs.scot,0,0,all,nhs;pharmacy,"Al-shafah Ltd is a pharmacy.
You can ask the pharmacist for advice. You do not need an appointment.
They can help with small injuries and common illnesses.","Al-shafah Ltd is a pharmacy.
You can ask the pharmacist for advice. You do not need an appointment.
They can help with small injuries and common illnesses.",0131 667 4032,,1
ph_2579,Amdg Pharma Ltd,Pharmacy,"Unit 33, The Loan, South Queensferry",EH309SD,55.989931,-3.398579,,,,Call the pharmacy for opening times,Walk in - no appointment needed,Advice and treatment for minor injuries and common illnesses,0,NHS Scotland,opendata.nhs.scot,0,0,all,nhs;pharmacy,"Amdg Pharma Ltd is a pharmacy.
You can ask the pharmacist for advice. You do not need an appointment.
They can help with small injuries and common illnesses.","Amdg Pharma Ltd is a pharmacy.
You can ask the pharmacist for advice. You do not need an appointment.
They can help with small injuries and common illnesses.",0131 331 4347,,1
ph_2581,Anam Healthcare Ltd,Pharmacy,"157 Nigel Rise, Dedridge, Livingston, West Lothian",EH546LX,55.879025,-3.508451,,,,Call the pharmacy for opening times,Walk in - no appointment needed,Advice and treatment for minor injuries and common illnesses,0,NHS Scotland,opendata.nhs.scot,0,0,all,nhs;pharmacy,"Anam Healthcare Ltd is a pharmacy.
You can ask the pharmacist for advice. You do not need an appointment.
They can help with small injuries and common illnesses.","Anam Healthcare Ltd is a pharmacy.
You can ask the pharmacist for advice. You do not need an appointment.
They can help with small injuries and common illnesses.",01506461732,,1
ph_2500,Apple Healthcare Edinburgh Ltd,Pharmacy,"65 Dalry Road, Edinburgh",EH112BZ,55.944217,-3.217936,,,,Call the pharmacy for opening times,Walk in - no appointment needed,Advice and treatment for minor injuries and common illnesses,0,NHS Scotland,opendata.nhs.scot,0,0,all,nhs;pharmacy,"Apple Healthcare Edinburgh Ltd is a pharmacy.
You can ask the pharmacist for advice. You do not need an appointment.
They can help with small injuries and common illnesses.","Apple Healthcare Edinburgh Ltd is a pharmacy.
You can ask the pharmacist for advice. You do not need an appointment.
They can help with small injuries and common illnesses.",0131 337 4838,,1
ph_2413,Asda Stores Ltd,Pharmacy,"100 The Jewel, Brunstane, Edinburgh",EH153AR,55.93881,-3.103206,,,,Call the pharmacy for opening times,Walk in - no appointment needed,Advice and treatment for minor injuries and common illnesses,0,NHS Scotland,opendata.nhs.scot,0,0,all,nhs;pharmacy,"Asda Stores Ltd is a pharmacy.
You can ask the pharmacist for advice. You do not need an appointment.
They can help with small injuries and common illnesses.","Asda Stores Ltd is a pharmacy.
You can ask the pharmacist for advice. You do not need an appointment.
They can help with small injuries and common illnesses.",0131 454 4010,,1
ph_2616,Avante Pharm Ltd,Pharmacy,"26 Brougham Place, Edinburgh",EH3 9JU,55.942713,-3.20175,,,,Call the pharmacy for opening times,Walk in - no appointment needed,Advice and treatment for minor injuries and common illnesses,0,NHS Scotland,opendata.nhs.scot,0,0,all,nhs;pharmacy,"Avante Pharm Ltd is a pharmacy.
You can ask the pharmacist for advice. You do not need an appointment.
They can help with small injuries and common illnesses.","Avante Pharm Ltd is a pharmacy.
You can ask the pharmacist for advice. You do not need an appointment.
They can help with small injuries and common illnesses.",0131 229 7948,,1
ph_2611,Avante Pharma Ltd,Pharmacy,"39 Westfield Road, Edinburgh",EH112QW,55.937981,-3.241369,,,,Call the pharmacy for opening times,Walk in - no appointment needed,Advice and treatment for minor injuries and common illnesses,0,NHS Scotland,opendata.nhs.scot,0,0,all,nhs;pharmacy,"Avante Pharma Ltd is a pharmacy.
You can ask the pharmacist for advice. You do not need an appointment.
They can help with small injuries and common illnesses.","Avante Pharma Ltd is a pharmacy.
You can ask the pharmacist for advice. You do not need an appointment.
They can help with small injuries and common illnesses.",0131 337 6777,,1
ph_2613,Barrie Dear Limited,Pharmacy,"55a 57a Mayfield Road, Edinburgh",EH9 3AA,55.930455,-3.175873,,,,Call the pharmacy for opening times,Walk in - no appointment needed,Advice and treatment for minor injuries and common illnesses,0,NHS Scotland,opendata.nhs.scot,0,0,all,nhs;pharmacy,"Barrie Dear Limited is a pharmacy.
You can ask the pharmacist for advice. You do not need an appointment.
They can help with small injuries and common illnesses.","Barrie Dear Limited is a pharmacy.
You can ask the pharmacist for advice. You do not need an appointment.
They can help with small injuries and common illnesses.",0131667 1992,,1
ph_2531,Barrie Dear Ltd,Pharmacy,"645 Ferry Road, Edinburgh",EH4 2TX,55.96718,-3.246005,,,,Call the pharmacy for opening times,Walk in - no appointment needed,Advice and treatment for minor injuries and common illnesses,0,NHS Scotland,opendata.nhs.scot,0,0,all,nhs;pharmacy,"Barrie Dear Ltd is a pharmacy.
You can ask the pharmacist for advice. You do not need an appointment.
They can help with small injuries and common illnesses.","Barrie Dear Ltd is a pharmacy.
You can ask the pharmacist for advice. You do not need an appointment.
They can help with small injuries and common illnesses.",0131 332 2851,,1
ph_2532,Barrie Dear Ltd,Pharmacy,"92-96 Easter Road, Edinburgh",EH7 5RQ,55.958557,-3.171552,,,,Call the pharmacy for opening times,Walk in - no appointment needed,Advice and treatment for minor injuries and common illnesses,0,NHS Scotland,opendata.nhs.scot,0,0,all,nhs;pharmacy,"Barrie Dear Ltd is a pharmacy.
You can ask the pharmacist for advice. You do not need an appointment.
They can help with small injuries and common illnesses.","Barrie Dear Ltd is a pharmacy.
You can ask the pharmacist for advice. You do not need an appointment.
They can help with small injuries and common illnesses.",0131 659 6095,,1
ph_2533,Barrie Dear Ltd,Pharmacy,"7 Oxgangs Broadway, Edinburgh",EH139LQ,55.905651,-3.222436,,,,Call the pharmacy for opening times,Walk in - no appointment needed,Advice and treatment for minor injuries and common illnesses,0,NHS Scotland,opendata.nhs.scot,0,0,all,nhs;pharmacy,"Barrie Dear Ltd is a pharmacy.
You can ask the pharmacist for advice. You do not need an appointment.
They can help with small injuries and common illnesses.","Barrie Dear Ltd is a pharmacy.
You can ask the pharmacist for advice. You do not need an appointment.
They can help with small injuries and common illnesses.",0131 445 1925,,1
ph_2067,Bestway National Chemists Ltd,Pharmacy,"Ormiston Medical Centre, Tynemount Road, Ormiston, East Lothian",EH355AB,55.910583,-2.950717,,,,Call the pharmacy for opening times,Walk in - no appointment needed,Advice and treatment for minor injuries and common illnesses,0,NHS Scotland,opendata.nhs.scot,0,0,all,nhs;pharmacy,"Bestway National Chemists Ltd is a pharmacy.
You can ask the pharmacist for advice. You do not need an appointment.
They can help with small injuries and common illnesses.","Bestway National Chemists Ltd is a pharmacy.
You can ask the pharmacist for advice. You do not need an appointment.
They can help with small injuries and common illnesses.",01875 610412,,1
ph_2069,Bestway National Chemists Ltd,Pharmacy,"42 Links Road, Port Seton, East Lothian",EH320DZ,55.971911,-2.950122,,,,Call the pharmacy for opening times,Walk in - no appointment needed,Advice and treatment for minor injuries and common illnesses,0,NHS Scotland,opendata.nhs.scot,0,0,all,nhs;pharmacy,"Bestway National Chemists Ltd is a pharmacy.
You can ask the pharmacist for advice. You do not need an appointment.
They can help with small injuries and common illnesses.","Bestway National Chemists Ltd is a pharmacy.
You can ask the pharmacist for advice. You do not need an appointment.
They can help with small injuries and common illnesses.",01875 811454,,1
ph_2070,Bestway National Chemists Ltd,Pharmacy,"115 High Street, Tranent, East Lothian",EH331LW,55.943395,-2.951008,,,,Call the pharmacy for opening times,Walk in - no appointment needed,Advice and treatment for minor injuries and common illnesses,0,NHS Scotland,opendata.nhs.scot,0,0,all,nhs;pharmacy,"Bestway National Chemists Ltd is a pharmacy.
You can ask the pharmacist for advice. You do not need an appointment.
They can help with small injuries and common illnesses.","Bestway National Chemists Ltd is a pharmacy.
You can ask the pharmacist for advice. You do not need an appointment.
They can help with small injuries and common illnesses.",01875 615453,,1
ph_2169,Bestway National Chemists Ltd,Pharmacy,"2 Main Street, Fauldhouse, West Lothian",EH479JA,55.828247,-3.706394,,,,Call the pharmacy for opening times,Walk in - no appointment needed,Advice and treatment for minor injuries and common illnesses,0,NHS Scotland,opendata.nhs.scot,0,0,all,nhs;pharmacy,"Bestway National Chemists Ltd is a pharmacy.
You can ask the pharmacist for advice. You do not need an appointment.
They can help with small injuries and common illnesses.","Bestway National Chemists Ltd is a pharmacy.
You can ask the pharmacist for advice. You do not need an appointment.
They can help with small injuries and common illnesses.",01501 770243,,1
ph_2170,Bestway National Chemists Ltd,Pharmacy,"123 North High Street, Musselburgh, East Lothain",EH216JE,55.944217,-3.0584,,,,Call the pharmacy for opening times,Walk in - no appointment needed,Advice and treatment for minor injuries and common illnesses,0,NHS Scotland,opendata.nhs.scot,0,0,all,nhs;pharmacy,"Bestway National Chemists Ltd is a pharmacy.
You can ask the pharmacist for advice. You do not need an appointment.
They can help with small injuries and common illnesses.","Bestway National Chemists Ltd is a pharmacy.
You can ask the pharmacist for advice. You do not need an appointment.
They can help with small injuries and common illnesses.",0131 6532855,,1
ph_2409,Bestway National Chemists Ltd,Pharmacy,"176 High Street, Prestonpans, East Lothain",EH329AZ,55.958558,-2.987931,,,,Call the pharmacy for opening times,Walk in - no appointment needed,Advice and treatment for minor injuries and common illnesses,0,NHS Scotland,opendata.nhs.scot,0,0,all,nhs;pharmacy,"Bestway National Chemists Ltd is a pharmacy.
You can ask the pharmacist for advice. You do not need an appointment.
They can help with small injuries and common illnesses.","Bestway National Chemists Ltd is a pharmacy.
You can ask the pharmacist for advice. You do not need an appointment.
They can help with small injuries and common illnesses.",01875 815280,,1
ph_2456,Bestway National Chemists Ltd,Pharmacy,"38 Main Street, Kirkliston",EH299AA,55.956251,-3.40502,,,,Call the pharmacy for opening times,Walk in - no appointment needed,Advice and treatment for minor injuries and common illnesses,0,NHS Scotland,opendata.nhs.scot,0,0,all,nhs;pharmacy,"Bestway National Chemists Ltd is a pharmacy.
You can ask the pharmacist for advice. You do not need an appointment.
They can help with small injuries and common illnesses.","Bestway National Chemists Ltd is a pharmacy.
You can ask the pharmacist for advice. You do not need an appointment.
They can help with small injuries and common illnesses.",0131 333 3352,,1
ph_2470,Bestway National Chemists Ltd,Pharmacy,"1 Restalrig Road, Edinburgh",EH6 8BB,55.969321,-3.159236,,,,Call the pharmacy for opening times,Walk in - no appointment needed,Advice and treatment for minor injuries and common illnesses,0,NHS Scotland,opendata.nhs.scot,0,0,all,nhs;pharmacy,"Bestway National Chemists Ltd is a pharmacy.
You can ask the pharmacist for advice. You do not need an appointment.
They can help with small injuries and common illnesses.","Bestway National Chemists Ltd is a pharmacy.
You can ask the pharmacist for advice. You do not need an appointment.
They can help with small injuries and common illnesses.",0131 554 2689,,1
ph_2471,Bestway National Chemists Ltd,Pharmacy,"100 Craigentinny Road, Edinburgh",EH7 6RN,55.959921,-3.139142,,,,Call the pharmacy for opening times,Walk in - no appointment needed,Advice and treatment for minor injuries and common illnesses,0,NHS Scotland,opendata.nhs.scot,0,0,all,nhs;pharmacy,"Bestway National Chemists Ltd is a pharmacy.
You can ask the pharmacist for advice. You do not need an appointment.
They can help with small injuries and common illnesses.","Bestway National Chemists Ltd is a pharmacy.
You can ask the pharmacist for advice. You do not need an appointment.
They can help with small injuries and common illnesses.",0131 661 2523,,1
ph_2472,Bestway National Chemists Ltd,Pharmacy,"114-116 Granton Road, Edinburgh",EH5 3RE,55.974609,-3.215654,,,,Call the pharmacy for opening times,Walk in - no appointment needed,Advice and treatment for minor injuries and common illnesses,0,NHS Scotland,opendata.nhs.scot,0,0,all,nhs;pharmacy,"Bestway National Chemists Ltd is a pharmacy.
You can ask the pharmacist for advice. You do not need an appointment.
They can help with small injuries and common illnesses.","Bestway National Chemists Ltd is a pharmacy.
You can ask the pharmacist for advice. You do not need an appointment.
They can help with small injuries and common illnesses.",0131 552 3569,,1
ph_2473,Bestway National Chemists Ltd,Pharmacy,"12a Lochend Road South, Edinburgh",EH7 6BP,55.959847,-3.156791,,,,Call the pharmacy for opening times,Walk in - no appointment needed,Advice and treatment for minor injuries and common illnesses,0,NHS Scotland,opendata.nhs.scot,0,0,all,nhs;pharmacy,"Bestway National Chemists Ltd is a pharmacy.
You can ask the pharmacist for advice. You do not need an appointment.
They can help with small injuries and common illnesses.","Bestway National Chemists Ltd is a pharmacy.
You can ask the pharmacist for advice. You do not need an appointment.
They can help with small injuries and common illnesses.",0131 467 4509,,1
ph_2475,Bestway National Chemists Ltd,Pharmacy,"4 Stenhouse Cross, Edinburgh",EH113JY,55.932132,-3.259846,,,,Call the pharmacy for opening times,Walk in - no appointment needed,Advice and treatment for minor injuries and common illnesses,0,NHS Scotland,opendata.nhs.scot,0,0,all,nhs;pharmacy,"Bestway National Chemists Ltd is a pharmacy.
You can ask the pharmacist for advice. You do not need an appointment.
They can help with small injuries and common illnesses.","Bestway National Chemists Ltd is a pharmacy.
You can ask the pharmacist for advice. You do not need an appointment.
They can help with small injuries and common illnesses.",0131 443 2222,,1
ph_2491,Bestway National Chemists Ltd,Pharmacy,"The Fauldhouse Partnership Centre, Lanrigg Road, Fauldhouse, Bathgate",EH479JD,55.829536,-3.704184,,,,Call the pharmacy for opening times,Walk in - no appointment needed,Advice and treatment for minor injuries and common illnesses,0,NHS Scotland,opendata.nhs.scot,0,0,all,nhs;pharmacy,"Bestway National Chemists Ltd is a pharmacy.
You can ask the pharmacist for advice. You do not need an appointment.
They can help with small injuries and common illnesses.","Bestway National Chemists Ltd is a pharmacy.
You can ask the pharmacist for advice. You do not need an appointment.
They can help with small injuries and common illnesses.",01501 770143,,1
ph_2561,Blackburn Health Ltd,Pharmacy,"2a Sycamore Walk, Blackburn, West Lothian",EH477LH,55.87442,-3.623258,,,,Call the pharmacy for opening times,Walk in - no appointment needed,Advice and treatment for minor injuries and common illnesses,0,NHS Scotland,opendata.nhs.scot,0,0,all,nhs;pharmacy,"Blackburn Health Ltd is a pharmacy.
You can ask the pharmacist for advice. You do not need an appointment.
They can help with small injuries and common illnesses.","Blackburn Health Ltd is a pharmacy.
You can ask the pharmacist for advice. You do not need an appointment.
They can help with small injuries and common illnesses.",01506 813720,,1
ph_2582,Blackburn Health Ltd,Pharmacy,"25 King Street, Bathgate",EH481AZ,55.899299,-3.639762,,,,Call the pharmacy for opening times,Walk in - no appointment needed,Advice and treatment for minor injuries and common illnesses,0,NHS Scotland,opendata.nhs.scot,0,0,all,nhs;pharmacy,"Blackburn Health Ltd is a pharmacy.
You can ask the pharmacist for advice. You do not need an appointment.
They can help with small injuries and common illnesses.","Blackburn Health Ltd is a pharmacy.
You can ask the pharmacist for advice. You do not need an appointment.
They can help with small injuries and common illnesses.",01506 630806,,1
ph_2596,Bmc Holdings 2023 Ltd,Pharmacy,"115 Corstorphine Road, Murrayfield, Edinburgh",EH125PZ,55.944727,-3.250392,,,,Call the pharmacy for opening times,Walk in - no appointment needed,Advice and treatment for minor injuries and common illnesses,0,NHS Scotland,opendata.nhs.scot,0,0,all,nhs;pharmacy,"Bmc Holdings 2023 Ltd is a pharmacy.
You can ask the pharmacist for advice. You do not need an appointment.
They can help with small injuries and common illnesses.","Bmc Holdings 2023 Ltd is a pharmacy.
You can ask the pharmacist for advice. You do not need an appointment.
They can help with small injuries and common illnesses.",0131 337 5100,,1
ph_2575,Bonnyrigg Healthcare Ltd,Pharmacy,"Bonnyrigg Health Centre, 109/111 High Street, Bonnyrigg, Midlothian",EH192ET,55.87845,-3.107775,,,,Call the pharmacy for opening times,Walk in - no appointment needed,Advice and treatment for minor injuries and common illnesses,0,NHS Scotland,opendata.nhs.scot,0,0,all,nhs;pharmacy,"Bonnyrigg Healthcare Ltd is a pharmacy.
You can ask the pharmacist for advice. You do not need an appointment.
They can help with small injuries and common illnesses.","Bonnyrigg Healthcare Ltd is a pharmacy.
You can ask the pharmacist for advice. You do not need an appointment.
They can help with small injuries and common illnesses.",0131 663 6336,,1
ph_2577,Bonnyrigg Healthcare Ltd,Pharmacy,"32 34 High Street, Bonnyrigg, Midlothian",EH192AA,55.87528,-3.10655,,,,Call the pharmacy for opening times,Walk in - no appointment needed,Advice and treatment for minor injuries and common illnesses,0,NHS Scotland,opendata.nhs.scot,0,0,all,nhs;pharmacy,"Bonnyrigg Healthcare Ltd is a pharmacy.
You can ask the pharmacist for advice. You do not need an appointment.
They can help with small injuries and common illnesses.","Bonnyrigg Healthcare Ltd is a pharmacy.
You can ask the pharmacist for advice. You do not need an appointment.
They can help with small injuries and common illnesses.",0131 663 8585,,1
ph_2020,Boots UK Ltd,Pharmacy,"26-30 George Street, Bathgate",EH481PW,55.902296,-3.641456,,,,Call the pharmacy for opening times,Walk in - no appointment needed,Advice and treatment for minor injuries and common illnesses,0,NHS Scotland,opendata.nhs.scot,0,0,all,nhs;pharmacy,"Boots UK Ltd is a pharmacy.
You can ask the pharmacist for advice. You do not need an appointment.
They can help with small injuries and common illnesses.","Boots UK Ltd is a pharmacy.
You can ask the pharmacist for advice. You do not need an appointment.
They can help with small injuries and common illnesses.",01506 652682,,1
ph_2021,Boots UK Ltd,Pharmacy,"Units 8/9 Argyle Court, 114 East Main Street, Broxburn",EH525EQ,55.934031,-3.467382,,,,Call the pharmacy for opening times,Walk in - no appointment needed,Advice and treatment for minor injuries and common illnesses,0,NHS Scotland,opendata.nhs.scot,0,0,all,nhs;pharmacy,"Boots UK Ltd is a pharmacy.
You can ask the pharmacist for advice. You do not need an appointment.
They can help with small injuries and common illnesses.","Boots UK Ltd is a pharmacy.
You can ask the pharmacist for advice. You do not need an appointment.
They can help with small injuries and common illnesses.",01506 852648,,1
ph_2022,Boots UK Ltd,Pharmacy,"17-19 High Street, Dalkeith",EH221JB,55.893664,-3.071991,,,,Call the pharmacy for opening times,Walk in - no appointment needed,Advice and treatment for minor injuries and common illnesses,0,NHS Scotland,opendata.nhs.scot,0,0,all,nhs;pharmacy,"Boots UK Ltd is a pharmacy.
You can ask the pharmacist for advice. You do not need an appointment.
They can help with small injuries and common illnesses.","Boots UK Ltd is a pharmacy.
You can ask the pharmacist for advice. You do not need an appointment.
They can help with small injuries and common illnesses.",0131 6633158,,1
ph_2023,Boots UK Ltd,Pharmacy,"14 Cameron Toll Shopping Centre, 6 Lady Road, Edinburgh",EH165PB,55.926657,-3.164139,,,,Call the pharmacy for opening times,Walk in - no appointment needed,Advice and treatment for minor injuries and common illnesses,0,NHS Scotland,opendata.nhs.scot,0,0,all,nhs;pharmacy,"Boots UK Ltd is a pharmacy.
You can ask the pharmacist for advice. You do not need an appointment.
They can help with small injuries and common illnesses.","Boots UK Ltd is a pharmacy.
You can ask the pharmacist for advice. You do not need an appointment.
They can help with small injuries and common illnesses.",0131 6661111,,1
ph_2026,Boots UK Ltd,Pharmacy,"230-232 Gorgie Road, Edinburgh",EH112PN,55.937641,-3.234058,,,,Call the pharmacy for opening times,Walk in - no appointment needed,Advice and treatment for minor injuries and common illnesses,0,NHS Scotland,opendata.nhs.scot,0,0,all,nhs;pharmacy,"Boots UK Ltd is a pharmacy.
You can ask the pharmacist for advice. You do not need an appointment.
They can help with small injuries and common illnesses.","Boots UK Ltd is a pharmacy.
You can ask the pharmacist for advice. You do not need an appointment.
They can help with small injuries and common illnesses.",0131 3371818,,1
ph_2027,Boots UK Ltd,Pharmacy,"42 New Kirkgate, Leith, Edinburgh",EH6 6AA,55.971052,-3.17193,,,,Call the pharmacy for opening times,Walk in - no appointment needed,Advice and treatment for minor injuries and common illnesses,0,NHS Scotland,opendata.nhs.scot,0,0,all,nhs;pharmacy,"Boots UK Ltd is a pharmacy.
You can ask the pharmacist for advice. You do not need an appointment.
They can help with small injuries and common illnesses.","Boots UK Ltd is a pharmacy.
You can ask the pharmacist for advice. You do not need an appointment.
They can help with small injuries and common illnesses.",0131 5545201,,1
ph_2028,Boots UK Ltd,Pharmacy,"174 Portobello High Street, Edinburgh",EH151EX,55.952646,-3.113321,,,,Call the pharmacy for opening times,Walk in - no appointment needed,Advice and treatment for minor injuries and common illnesses,0,NHS Scotland,opendata.nhs.scot,0,0,all,nhs;pharmacy,"Boots UK Ltd is a pharmacy.
You can ask the pharmacist for advice. You do not need an appointment.
They can help with small injuries and common illnesses.","Boots UK Ltd is a pharmacy.
You can ask the pharmacist for advice. You do not need an appointment.
They can help with small injuries and common illnesses.",0131 6691883,,1
ph_2029,Boots UK Ltd,Pharmacy,"101-103 Princes Street, Edinburgh",EH2 3AA,55.951607,-3.200985,,,,Call the pharmacy for opening times,Walk in - no appointment needed,Advice and treatment for minor injuries and common illnesses,0,NHS Scotland,opendata.nhs.scot,0,0,all,nhs;pharmacy,"Boots UK Ltd is a pharmacy.
You can ask the pharmacist for advice. You do not need an appointment.
They can help with small injuries and common illnesses.","Boots UK Ltd is a pharmacy.
You can ask the pharmacist for advice. You do not need an appointment.
They can help with small injuries and common illnesses.",0131 2258331,,1
ph_2030,Boots UK Ltd,Pharmacy,"46-48 Shandwick Place, Edinburgh",EH2 4SA,55.949658,-3.210148,,,,Call the pharmacy for opening times,Walk in - no appointment needed,Advice and treatment for minor injuries and common illnesses,0,NHS Scotland,opendata.nhs.scot,0,0,all,nhs;pharmacy,"Boots UK Ltd is a pharmacy.
You can ask the pharmacist for advice. You do not need an appointment.
They can help with small injuries and common illnesses.","Boots UK Ltd is a pharmacy.
You can ask the pharmacist for advice. You do not need an appointment.
They can help with small injuries and common illnesses.",0131 2256757,,1
ph_2031,Boots UK Ltd,Pharmacy,"121/127 St James Crescent, Edinburgh",EH1 3AD,55.954829,-3.188432,,,,Call the pharmacy for opening times,Walk in - no appointment needed,Advice and treatment for minor injuries and common illnesses,0,NHS Scotland,opendata.nhs.scot,0,0,all,nhs;pharmacy,"Boots UK Ltd is a pharmacy.
You can ask the pharmacist for advice. You do not need an appointment.
They can help with small injuries and common illnesses.","Boots UK Ltd is a pharmacy.
You can ask the pharmacist for advice. You do not need an appointment.
They can help with small injuries and common illnesses.",0131 557 2632,,1
ph_2032,Boots UK Ltd,Pharmacy,"129 St John's Road, Corstorphine, Edinburgh",EH127SB,55.942387,-3.280401,,,,Call the pharmacy for opening times,Walk in - no appointment needed,Advice and treatment for minor injuries and common illnesses,0,NHS Scotland,opendata.nhs.scot,0,0,all,nhs;pharmacy,"Boots UK Ltd is a pharmacy.
You can ask the pharmacist for advice. You do not need an appointment.
They can help with small injuries and common illnesses.","Boots UK Ltd is a pharmacy.
You can ask the pharmacist for advice. You do not need an appointment.
They can help with small injuries and common illnesses.",0131 3344520,,1
ph_2033,Boots UK Ltd,Pharmacy,"16-20 Earl Grey Street, Edinburgh",EH3 9BN,55.944372,-3.204844,,,,Call the pharmacy for opening times,Walk in - no appointment needed,Advice and treatment for minor injuries and common illnesses,0,NHS Scotland,opendata.nhs.scot,0,0,all,nhs;pharmacy,"Boots UK Ltd is a pharmacy.
You can ask the pharmacist for advice. You do not need an appointment.
They can help with small injuries and common illnesses.","Boots UK Ltd is a pharmacy.
You can ask the pharmacist for advice. You do not need an appointment.
They can help with small injuries and common illnesses.",0131 2295700,,1
ph_2034,Boots UK Ltd,Pharmacy,"36 High Street, Haddington",EH413EE,55.955177,-2.777768,,,,Call the pharmacy for opening times,Walk in - no appointment needed,Advice and treatment for minor injuries and common illnesses,0,NHS Scotland,opendata.nhs.scot,0,0,all,nhs;pharmacy,"Boots UK Ltd is a pharmacy.
You can ask the pharmacist for advice. You do not need an appointment.
They can help with small injuries and common illnesses.","Boots UK Ltd is a pharmacy.
You can ask the pharmacist for advice. You do not need an appointment.
They can help with small injuries and common illnesses.",01620 823349,,1
ph_2035,Boots UK Ltd,Pharmacy,"88/89 Almondvale Centre, Almondvale South, Livingston",EH546HR,55.883708,-3.513476,,,,Call the pharmacy for opening times,Walk in - no appointment needed,Advice and treatment for minor injuries and common illnesses,0,NHS Scotland,opendata.nhs.scot,0,0,all,nhs;pharmacy,"Boots UK Ltd is a pharmacy.
You can ask the pharmacist for advice. You do not need an appointment.
They can help with small injuries and common illnesses.","Boots UK Ltd is a pharmacy.
You can ask the pharmacist for advice. You do not need an appointment.
They can help with small injuries and common illnesses.",01506 436997,,1
ph_2036,Boots UK Ltd,Pharmacy,"164 High Street, Musselburgh",EH217DZ,55.942126,-3.051811,,,,Call the pharmacy for opening times,Walk in - no appointment needed,Advice and treatment for minor injuries and common illnesses,0,NHS Scotland,opendata.nhs.scot,0,0,all,nhs;pharmacy,"Boots UK Ltd is a pharmacy.
You can ask the pharmacist for advice. You do not need an appointment.
They can help with small injuries and common illnesses.","Boots UK Ltd is a pharmacy.
You can ask the pharmacist for advice. You do not need an appointment.
They can help with small injuries and common illnesses.",0131 6653139,,1
ph_2037,Boots UK Ltd,Pharmacy,"80 High Street, North Berwick",EH394HF,56.058459,-2.720048,,,,Call the pharmacy for opening times,Walk in - no appointment needed,Advice and treatment for minor injuries and common illnesses,0,NHS Scotland,opendata.nhs.scot,0,0,all,nhs;pharmacy,"Boots UK Ltd is a pharmacy.
You can ask the pharmacist for advice. You do not need an appointment.
They can help with small injuries and common illnesses.","Boots UK Ltd is a pharmacy.
You can ask the pharmacist for advice. You do not need an appointment.
They can help with small injuries and common illnesses.",01620 892911,,1
ph_2307,Boots UK Ltd,Pharmacy,"7/9 Sycamore Walk, Blackburn",EH477LG,55.874539,-3.622416,,,,Call the pharmacy for opening times,Walk in - no appointment needed,Advice and treatment for minor injuries and common illnesses,0,NHS Scotland,opendata.nhs.scot,0,0,all,nhs;pharmacy,"Boots UK Ltd is a pharmacy.
You can ask the pharmacist for advice. You do not need an appointment.
They can help with small injuries and common illnesses.","Boots UK Ltd is a pharmacy.
You can ask the pharmacist for advice. You do not need an appointment.
They can help with small injuries and common illnesses.",01506 652378,,1
ph_2308,Boots UK Ltd,Pharmacy,"12 The Mall, Craigshill, Livingston",EH545ED,55.897298,-3.495518,,,,Call the pharmacy for opening times,Walk in - no appointment needed,Advice and treatment for minor injuries and common illnesses,0,NHS Scotland,opendata.nhs.scot,0,0,all,nhs;pharmacy,"Boots UK Ltd is a pharmacy.
You can ask the pharmacist for advice. You do not need an appointment.
They can help with small injuries and common illnesses.","Boots UK Ltd is a pharmacy.
You can ask the pharmacist for advice. You do not need an appointment.
They can help with small injuries and common illnesses.",01506 432504,,1
ph_2309,Boots UK Ltd,Pharmacy,"12 West Main Street, Whitburn",EH470QZ,55.866775,-3.685903,,,,Call the pharmacy for opening times,Walk in - no appointment needed,Advice and treatment for minor injuries and common illnesses,0,NHS Scotland,opendata.nhs.scot,0,0,all,nhs;pharmacy,"Boots UK Ltd is a pharmacy.
You can ask the pharmacist for advice. You do not need an appointment.
They can help with small injuries and common illnesses.","Boots UK Ltd is a pharmacy.
You can ask the pharmacist for advice. You do not need an appointment.
They can help with small injuries and common illnesses.",01501 740168,,1
ph_2310,Boots UK Ltd,Pharmacy,"Whitburn Health Centre, 1 Weavers Lane, Whitburn",EH470SD,55.867029,-3.689015,,,,Call the pharmacy for opening times,Walk in - no appointment needed,Advice and treatment for minor injuries and common illnesses,0,NHS Scotland,opendata.nhs.scot,0,0,all,nhs;pharmacy,"Boots UK Ltd is a pharmacy.
You can ask the pharmacist for advice. You do not need an appointment.
They can help with small injuries and common illnesses.","Boots UK Ltd is a pharmacy.
You can ask the pharmacist for advice. You do not need an appointment.
They can help with small injuries and common illnesses.",01501 742641,,1
ph_2320,Boots UK Ltd,Pharmacy,"Gyle Shopping Centre, Unit 10, Edinburgh",EH129JS,55.938443,-3.314418,,,,Call the pharmacy for opening times,Walk in - no appointment needed,Advice and treatment for minor injuries and common illnesses,0,NHS Scotland,opendata.nhs.scot,0,0,all,nhs;pharmacy,"Boots UK Ltd is a pharmacy.
You can ask the pharmacist for advice. You do not need an appointment.
They can help with small injuries and common illnesses.","Boots UK Ltd is a pharmacy.
You can ask the pharmacist for advice. You do not need an appointment.
They can help with small injuries and common illnesses.",0131 3171288,,1
ph_2332,Boots UK Ltd,Pharmacy,"28/30 Newington Road, Edinburgh",EH9 1QS,55.938544,-3.1794,,,,Call the pharmacy for opening times,Walk in - no appointment needed,Advice and treatment for minor injuries and common illnesses,0,NHS Scotland,opendata.nhs.scot,0,0,all,nhs;pharmacy,"Boots UK Ltd is a pharmacy.
You can ask the pharmacist for advice. You do not need an appointment.
They can help with small injuries and common illnesses.","Boots UK Ltd is a pharmacy.
You can ask the pharmacist for advice. You do not need an appointment.
They can help with small injuries and common illnesses.",0131 6673008,,1
ph_2335,Boots UK Ltd,Pharmacy,"10a Buckstone Terrace, Edinburgh",EH106PZ,55.908518,-3.209569,,,,Call the pharmacy for opening times,Walk in - no appointment needed,Advice and treatment for minor injuries and common illnesses,0,NHS Scotland,opendata.nhs.scot,0,0,all,nhs;pharmacy,"Boots UK Ltd is a pharmacy.
You can ask the pharmacist for advice. You do not need an appointment.
They can help with small injuries and common illnesses.","Boots UK Ltd is a pharmacy.
You can ask the pharmacist for advice. You do not need an appointment.
They can help with small injuries and common illnesses.",0131 4451157,,1
ph_2339,Boots UK Ltd,Pharmacy,"207-209 Morningside Road, Edinburgh",EH104QT,55.928031,-3.209089,,,,Call the pharmacy for opening times,Walk in - no appointment needed,Advice and treatment for minor injuries and common illnesses,0,NHS Scotland,opendata.nhs.scot,0,0,all,nhs;pharmacy,"Boots UK Ltd is a pharmacy.
You can ask the pharmacist for advice. You do not need an appointment.
They can help with small injuries and common illnesses.","Boots UK Ltd is a pharmacy.
You can ask the pharmacist for advice. You do not need an appointment.
They can help with small injuries and common illnesses.",0131 4476188,,1
ph_2343,Boots UK Ltd,Pharmacy,"6 St Patrick Street, Edinburgh",EH8 9HB,55.94362,-3.183221,,,,Call the pharmacy for opening times,Walk in - no appointment needed,Advice and treatment for minor injuries and common illnesses,0,NHS Scotland,opendata.nhs.scot,0,0,all,nhs;pharmacy,"Boots UK Ltd is a pharmacy.
You can ask the pharmacist for advice. You do not need an appointment.
They can help with small injuries and common illnesses.","Boots UK Ltd is a pharmacy.
You can ask the pharmacist for advice. You do not need an appointment.
They can help with small injuries and common illnesses.",0131 667 1698,,1
ph_2351,Boots UK Ltd,Pharmacy,"72/74 High Street, Linlithgow, West Lothian",EH497AQ,55.977072,-3.598918,,,,Call the pharmacy for opening times,Walk in - no appointment needed,Advice and treatment for minor injuries and common illnesses,0,NHS Scotland,opendata.nhs.scot,0,0,all,nhs;pharmacy,"Boots UK Ltd is a pharmacy.
You can ask the pharmacist for advice. You do not need an appointment.
They can help with small injuries and common illnesses.","Boots UK Ltd is a pharmacy.
You can ask the pharmacist for advice. You do not need an appointment.
They can help with small injuries and common illnesses.",01506 846371,,1
ph_2380,Boots UK Ltd,Pharmacy,"58-60 Main Street, Davidsons Mains, Edinburgh",EH4 5AA,55.96533,-3.271402,,,,Call the pharmacy for opening times,Walk in - no appointment needed,Advice and treatment for minor injuries and common illnesses,0,NHS Scotland,opendata.nhs.scot,0,0,all,nhs;pharmacy,"Boots UK Ltd is a pharmacy.
You can ask the pharmacist for advice. You do not need an appointment.
They can help with small injuries and common illnesses.","Boots UK Ltd is a pharmacy.
You can ask the pharmacist for advice. You do not need an appointment.
They can help with small injuries and common illnesses.",0131 312 8600,,1
ph_2381,Boots UK Ltd,Pharmacy,"151 Comely Bank, Edinburgh",EH4 1BH,55.958901,-3.222257,,,,Call the pharmacy for opening times,Walk in - no appointment needed,Advice and treatment for minor injuries and common illnesses,0,NHS Scotland,opendata.nhs.scot,0,0,all,nhs;pharmacy,"Boots UK Ltd is a pharmacy.
You can ask the pharmacist for advice. You do not need an appointment.
They can help with small injuries and common illnesses.","Boots UK Ltd is a pharmacy.
You can ask the pharmacist for advice. You do not need an appointment.
They can help with small injuries and common illnesses.",0131 3322073,,1
ph_2383,Boots UK Ltd,Pharmacy,"32 West Maitland Street, Edinburgh",EH125DX,55.947041,-3.215783,,,,Call the pharmacy for opening times,Walk in - no appointment needed,Advice and treatment for minor injuries and common illnesses,0,NHS Scotland,opendata.nhs.scot,0,0,all,nhs;pharmacy,"Boots UK Ltd is a pharmacy.
You can ask the pharmacist for advice. You do not need an appointment.
They can help with small injuries and common illnesses.","Boots UK Ltd is a pharmacy.
You can ask the pharmacist for advice. You do not need an appointment.
They can help with small injuries and common illnesses.",0131 2257436,,1
ph_2396,Boots UK Ltd,Pharmacy,"Unit 1, Edinburgh Fort Retail Park, Newcraighall, Edinburgh",EH153HS,55.932825,-3.102251,,,,Call the pharmacy for opening times,Walk in - no appointment needed,Advice and treatment for minor injuries and common illnesses,0,NHS Scotland,opendata.nhs.scot,0,0,all,nhs;pharmacy,"Boots UK Ltd is a pharmacy.
You can ask the pharmacist for advice. You do not need an appointment.
They can help with small injuries and common illnesses.","Boots UK Ltd is a pharmacy.
You can ask the pharmacist for advice. You do not need an appointment.
They can help with small injuries and common illnesses.",0131 669 4428,,1
ph_2399,Boots UK Ltd,Pharmacy,"123 Ferry Road, Edinburgh",EH6 4ET,55.974352,-3.1848,,,,Call the pharmacy for opening times,Walk in - no appointment needed,Advice and treatment for minor injuries and common illnesses,0,NHS Scotland,opendata.nhs.scot,0,0,all,nhs;pharmacy,"Boots UK Ltd is a pharmacy.
You can ask the pharmacist for advice. You do not need an appointment.
They can help with small injuries and common illnesses.","Boots UK Ltd is a pharmacy.
You can ask the pharmacist for advice. You do not need an appointment.
They can help with small injuries and common illnesses.",0131 554 1394,,1
ph_2438,Boots UK Ltd,Pharmacy,"24 South Groathill Avenue, Craigleith, Edinburgh",EH4 2LN,55.958688,-3.240847,,,,Call the pharmacy for opening times,Walk in - no appointment needed,Advice and treatment for minor injuries and common illnesses,0,NHS Scotland,opendata.nhs.scot,0,0,all,nhs;pharmacy,"Boots UK Ltd is a pharmacy.
You can ask the pharmacist for advice. You do not need an appointment.
They can help with small injuries and common illnesses.","Boots UK Ltd is a pharmacy.
You can ask the pharmacist for advice. You do not need an appointment.
They can help with small injuries and common illnesses.",0131 332 6114,,1
ph_2458,Boots UK Ltd,Pharmacy,"Unit 22 Ocean Terminal, Ocean Drive, Leith, Edinburgh",EH6 6JJ,55.980053,-3.17967,,,,Call the pharmacy for opening times,Walk in - no appointment needed,Advice and treatment for minor injuries and common illnesses,0,NHS Scotland,opendata.nhs.scot,0,0,all,nhs;pharmacy,"Boots UK Ltd is a pharmacy.
You can ask the pharmacist for advice. You do not need an appointment.
They can help with small injuries and common illnesses.","Boots UK Ltd is a pharmacy.
You can ask the pharmacist for advice. You do not need an appointment.
They can help with small injuries and common illnesses.",0131 554 6834,,1
ph_6635,Boots UK Ltd,Pharmacy,"60 South Street, Bo'ness",EH519HA,56.017198,-3.606864,,,,Call the pharmacy for opening times,Walk in - no appointment needed,Advice and treatment for minor injuries and common illnesses,0,NHS Scotland,opendata.nhs.scot,0,0,all,nhs;pharmacy,"Boots UK Ltd is a pharmacy.
You can ask the pharmacist for advice. You do not need an appointment.
They can help with small injuries and common illnesses.","Boots UK Ltd is a pharmacy.
You can ask the pharmacist for advice. You do not need an appointment.
They can help with small injuries and common illnesses.",01506 822106,,1
ph_8008,Boots UK Ltd,Pharmacy,"6-8 Eastgate, Peebles",EH458AD,55.652178,-3.188334,,,,Call the pharmacy for opening times,Walk in - no appointment needed,Advice and treatment for minor injuries and common illnesses,0,NHS Scotland,opendata.nhs.scot,0,0,all,nhs;pharmacy,"Boots UK Ltd is a pharmacy.
You can ask the pharmacist for advice. You do not need an appointment.
They can help with small injuries and common illnesses.","Boots UK Ltd is a pharmacy.
You can ask the pharmacist for advice. You do not need an appointment.
They can help with small injuries and common illnesses.",01721 720613,,1
ph_2564,Broughton Pharmacy,Pharmacy,"105 Broughton Street, Edinburgh",EH1 3RZ,55.958794,-3.189931,,,,Call the pharmacy for opening times,Walk in - no appointment needed,Advice and treatment for minor injuries and common illnesses,0,NHS Scotland,opendata.nhs.scot,0,0,all,nhs;pharmacy,"Broughton Pharmacy is a pharmacy.
You can ask the pharmacist for advice. You do not need an appointment.
They can help with small injuries and common illnesses.","Broughton Pharmacy is a pharmacy.
You can ask the pharmacist for advice. You do not need an appointment.
They can help with small injuries and common illnesses.",0131 556 1054,,1
ph_2615,Carewise Pharmacy Ltd,Pharmacy,"10 Polwarth Gardens, Edinburgh",EH111LW,55.937438,-3.216555,,,,Call the pharmacy for opening times,Walk in - no appointment needed,Advice and treatment for minor injuries and common illnesses,0,NHS Scotland,opendata.nhs.scot,0,0,all,nhs;pharmacy,"Carewise Pharmacy Ltd is a pharmacy.
You can ask the pharmacist for advice. You do not need an appointment.
They can help with small injuries and common illnesses.","Carewise Pharmacy Ltd is a pharmacy.
You can ask the pharmacist for advice. You do not need an appointment.
They can help with small injuries and common illnesses.",0131 229 3199,,1
ph_2247,Charis UK Co Ltd,Pharmacy,"6 Bristo Square, Edinburgh",EH8 9AL,55.945981,-3.188129,,,,Call the pharmacy for opening times,Walk in - no appointment needed,Advice and treatment for minor injuries and common illnesses,0,NHS Scotland,opendata.nhs.scot,0,0,all,nhs;pharmacy,"Charis UK Co Ltd is a pharmacy.
You can ask the pharmacist for advice. You do not need an appointment.
They can help with small injuries and common illnesses.","Charis UK Co Ltd is a pharmacy.
You can ask the pharmacist for advice. You do not need an appointment.
They can help with small injuries and common illnesses.",0131 667 8247,,1
ph_2186,Colinton Pharmacy Ltd,Pharmacy,"46a Bridge Road, Colinton, Edinburgh",EH130LQ,55.907315,-3.25704,,,,Call the pharmacy for opening times,Walk in - no appointment needed,Advice and treatment for minor injuries and common illnesses,0,NHS Scotland,opendata.nhs.scot,0,0,all,nhs;pharmacy,"Colinton Pharmacy Ltd is a pharmacy.
You can ask the pharmacist for advice. You do not need an appointment.
They can help with small injuries and common illnesses.","Colinton Pharmacy Ltd is a pharmacy.
You can ask the pharmacist for advice. You do not need an appointment.
They can help with small injuries and common illnesses.",0131 4412352,,1
ph_2578,Cromarty Healthcare Ltd,Pharmacy,"44a John Street, Penicuik, Lothian",EH268AB,55.827451,-3.222265,,,,Call the pharmacy for opening times,Walk in - no appointment needed,Advice and treatment for minor injuries and common illnesses,0,NHS Scotland,opendata.nhs.scot,0,0,all,nhs;pharmacy,"Cromarty Healthcare Ltd is a pharmacy.
You can ask the pharmacist for advice. You do not need an appointment.
They can help with small injuries and common illnesses.","Cromarty Healthcare Ltd is a pharmacy.
You can ask the pharmacist for advice. You do not need an appointment.
They can help with small injuries and common illnesses.",01968 673633,,1
ph_2529,Crownsmith Ltd,Pharmacy,"66 High Street, North Berwick, East Lothian",EH394HF,56.058459,-2.720048,,,,Call the pharmacy for opening times,Walk in - no appointment needed,Advice and treatment for minor injuries and common illnesses,0,NHS Scotland,opendata.nhs.scot,0,0,all,nhs;pharmacy,"Crownsmith Ltd is a pharmacy.
You can ask the pharmacist for advice. You do not need an appointment.
They can help with small injuries and common illnesses.","Crownsmith Ltd is a pharmacy.
You can ask the pharmacist for advice. You do not need an appointment.
They can help with small injuries and common illnesses.",01620 894650,,1
ph_2603,Currie Healthcare Limited,Pharmacy,"162 Lanark Road West, Currie",EH145NY,55.897123,-3.305647,,,,Call the pharmacy for opening times,Walk in - no appointment needed,Advice and treatment for minor injuries and common illnesses,0,NHS Scotland,opendata.nhs.scot,0,0,all,nhs;pharmacy,"Currie Healthcare Limited is a pharmacy.
You can ask the pharmacist for advice. You do not need an appointment.
They can help with small injuries and common illnesses.","Currie Healthcare Limited is a pharmacy.
You can ask the pharmacist for advice. You do not need an appointment.
They can help with small injuries and common illnesses.",0131 449 6144,,1
ph_2520,Deans Healthcare Ltd,Pharmacy,"45 Fernbank, Ladywell, Livingston, West Lothian",EH546DT,55.897593,-3.514785,,,,Call the pharmacy for opening times,Walk in - no appointment needed,Advice and treatment for minor injuries and common illnesses,0,NHS Scotland,opendata.nhs.scot,0,0,all,nhs;pharmacy,"Deans Healthcare Ltd is a pharmacy.
You can ask the pharmacist for advice. You do not need an appointment.
They can help with small injuries and common illnesses.","Deans Healthcare Ltd is a pharmacy.
You can ask the pharmacist for advice. You do not need an appointment.
They can help with small injuries and common illnesses.",01506 437100,,1
ph_2543,F & F Coffey,Pharmacy,"24 Main Street, Kirknewton",EH278AH,55.887645,-3.419135,,,,Call the pharmacy for opening times,Walk in - no appointment needed,Advice and treatment for minor injuries and common illnesses,0,NHS Scotland,opendata.nhs.scot,0,0,all,nhs;pharmacy,"F & F Coffey is a pharmacy.
You can ask the pharmacist for advice. You do not need an appointment.
They can help with small injuries and common illnesses.","F & F Coffey is a pharmacy.
You can ask the pharmacist for advice. You do not need an appointment.
They can help with small injuries and common illnesses.",01506 883048,,1
ph_2585,F and F Coffey Ltd,Pharmacy,"2 Ferryburn, Roseberry Avenue, South Queensferry",EH309QS,55.985725,-3.394612,,,,Call the pharmacy for opening times,Walk in - no appointment needed,Advice and treatment for minor injuries and common illnesses,0,NHS Scotland,opendata.nhs.scot,0,0,all,nhs;pharmacy,"F and F Coffey Ltd is a pharmacy.
You can ask the pharmacist for advice. You do not need an appointment.
They can help with small injuries and common illnesses.","F and F Coffey Ltd is a pharmacy.
You can ask the pharmacist for advice. You do not need an appointment.
They can help with small injuries and common illnesses.",0131 331 2579,,1
ph_2528,G A M Stuart Ltd,Pharmacy,"7 Great Junction Street, Leith, Edinburgh",EH6 5HX,55.97097,-3.173017,,,,Call the pharmacy for opening times,Walk in - no appointment needed,Advice and treatment for minor injuries and common illnesses,0,NHS Scotland,opendata.nhs.scot,0,0,all,nhs;pharmacy,"G A M Stuart Ltd is a pharmacy.
You can ask the pharmacist for advice. You do not need an appointment.
They can help with small injuries and common illnesses.","G A M Stuart Ltd is a pharmacy.
You can ask the pharmacist for advice. You do not need an appointment.
They can help with small injuries and common illnesses.",0131 554 2196,,1
ph_2482,G L M Romanes Ltd,Pharmacy,"22 Market Street, Haddington, East Lothian",EH413JE,55.955885,-2.778071,,,,Call the pharmacy for opening times,Walk in - no appointment needed,Advice and treatment for minor injuries and common illnesses,0,NHS Scotland,opendata.nhs.scot,0,0,all,nhs;pharmacy,"G L M Romanes Ltd is a pharmacy.
You can ask the pharmacist for advice. You do not need an appointment.
They can help with small injuries and common illnesses.","G L M Romanes Ltd is a pharmacy.
You can ask the pharmacist for advice. You do not need an appointment.
They can help with small injuries and common illnesses.",016208 23557,,1
ph_2478,Gam Stuart Limited,Pharmacy,"153 Morningside Road, Edinburgh",EH104AX,55.92944,-3.209309,,,,Call the pharmacy for opening times,Walk in - no appointment needed,Advice and treatment for minor injuries and common illnesses,0,NHS Scotland,opendata.nhs.scot,0,0,all,nhs;pharmacy,"Gam Stuart Limited is a pharmacy.
You can ask the pharmacist for advice. You do not need an appointment.
They can help with small injuries and common illnesses.","Gam Stuart Limited is a pharmacy.
You can ask the pharmacist for advice. You do not need an appointment.
They can help with small injuries and common illnesses.",0131 447 2041,,1
ph_2511,Gam Stuart Ltd,Pharmacy,"2 Craiglockhart Road North, Edinburgh",EH141BU,55.923832,-3.237363,,,,Call the pharmacy for opening times,Walk in - no appointment needed,Advice and treatment for minor injuries and common illnesses,0,NHS Scotland,opendata.nhs.scot,0,0,all,nhs;pharmacy,"Gam Stuart Ltd is a pharmacy.
You can ask the pharmacist for advice. You do not need an appointment.
They can help with small injuries and common illnesses.","Gam Stuart Ltd is a pharmacy.
You can ask the pharmacist for advice. You do not need an appointment.
They can help with small injuries and common illnesses.",0131 455 7168,,1
ph_2555,Gam Stuart Ltd,Pharmacy,"37 South Trinity Road, Edinburgh",EH5 3PN,55.974273,-3.209602,,,,Call the pharmacy for opening times,Walk in - no appointment needed,Advice and treatment for minor injuries and common illnesses,0,NHS Scotland,opendata.nhs.scot,0,0,all,nhs;pharmacy,"Gam Stuart Ltd is a pharmacy.
You can ask the pharmacist for advice. You do not need an appointment.
They can help with small injuries and common illnesses.","Gam Stuart Ltd is a pharmacy.
You can ask the pharmacist for advice. You do not need an appointment.
They can help with small injuries and common illnesses.",0131 552 3183,,1
ph_2556,Gam Stuart Ltd,Pharmacy,"5 Montagu Terrace, Edinburgh",EH3 5QX,55.970826,-3.208341,,,,Call the pharmacy for opening times,Walk in - no appointment needed,Advice and treatment for minor injuries and common illnesses,0,NHS Scotland,opendata.nhs.scot,0,0,all,nhs;pharmacy,"Gam Stuart Ltd is a pharmacy.
You can ask the pharmacist for advice. You do not need an appointment.
They can help with small injuries and common illnesses.","Gam Stuart Ltd is a pharmacy.
You can ask the pharmacist for advice. You do not need an appointment.
They can help with small injuries and common illnesses.",0131 552 4098,,1
ph_2562,Gam Stuart Ltd,Pharmacy,"1 Lindsay Road, Edinburgh",EH6 4EP,55.978751,-3.1833,,,,Call the pharmacy for opening times,Walk in - no appointment needed,Advice and treatment for minor injuries and common illnesses,0,NHS Scotland,opendata.nhs.scot,0,0,all,nhs;pharmacy,"Gam Stuart Ltd is a pharmacy.
You can ask the pharmacist for advice. You do not need an appointment.
They can help with small injuries and common illnesses.","Gam Stuart Ltd is a pharmacy.
You can ask the pharmacist for advice. You do not need an appointment.
They can help with small injuries and common illnesses.",0131 554 2258,,1
ph_2526,Gemini Medical Care Ltd,Pharmacy,"1 Liberton Drive, Liberton, Edinburgh",EH166NL,55.91158,-3.166006,,,,Call the pharmacy for opening times,Walk in - no appointment needed,Advice and treatment for minor injuries and common illnesses,0,NHS Scotland,opendata.nhs.scot,0,0,all,nhs;pharmacy,"Gemini Medical Care Ltd is a pharmacy.
You can ask the pharmacist for advice. You do not need an appointment.
They can help with small injuries and common illnesses.","Gemini Medical Care Ltd is a pharmacy.
You can ask the pharmacist for advice. You do not need an appointment.
They can help with small injuries and common illnesses.",0131 658 1274,,1
ph_2597,Ghc Healthcare Ltd,Pharmacy,"105 Hunterfield Road, Gorebridge",EH234TS,55.846548,-3.052853,,,,Call the pharmacy for opening times,Walk in - no appointment needed,Advice and treatment for minor injuries and common illnesses,0,NHS Scotland,opendata.nhs.scot,0,0,all,nhs;pharmacy,"Ghc Healthcare Ltd is a pharmacy.
You can ask the pharmacist for advice. You do not need an appointment.
They can help with small injuries and common illnesses.","Ghc Healthcare Ltd is a pharmacy.
You can ask the pharmacist for advice. You do not need an appointment.
They can help with small injuries and common illnesses.",01875 820345,,1
ph_2598,Ghc Healthcare Ltd,Pharmacy,"35 Main Street, Gorebridge",EH234BX,55.841527,-3.047463,,,,Call the pharmacy for opening times,Walk in - no appointment needed,Advice and treatment for minor injuries and common illnesses,0,NHS Scotland,opendata.nhs.scot,0,0,all,nhs;pharmacy,"Ghc Healthcare Ltd is a pharmacy.
You can ask the pharmacist for advice. You do not need an appointment.
They can help with small injuries and common illnesses.","Ghc Healthcare Ltd is a pharmacy.
You can ask the pharmacist for advice. You do not need an appointment.
They can help with small injuries and common illnesses.",01875 820422,,1
ph_2595,Gilmerton Healthcare,Pharmacy,"2 Ferniehill Road, Gilmerton, Edinburgh",EH177AB,55.907298,-3.133917,,,,Call the pharmacy for opening times,Walk in - no appointment needed,Advice and treatment for minor injuries and common illnesses,0,NHS Scotland,opendata.nhs.scot,0,0,all,nhs;pharmacy,"Gilmerton Healthcare is a pharmacy.
You can ask the pharmacist for advice. You do not need an appointment.
They can help with small injuries and common illnesses.","Gilmerton Healthcare is a pharmacy.
You can ask the pharmacist for advice. You do not need an appointment.
They can help with small injuries and common illnesses.",0131 664 3295,,1
ph_2567,Glm Romanes,Pharmacy,"67 High Street, Dunbar, East Lothian",EH421EW,56.001532,-2.515142,,,,Call the pharmacy for opening times,Walk in - no appointment needed,Advice and treatment for minor injuries and common illnesses,0,NHS Scotland,opendata.nhs.scot,0,0,all,nhs;pharmacy,"Glm Romanes is a pharmacy.
You can ask the pharmacist for advice. You do not need an appointment.
They can help with small injuries and common illnesses.","Glm Romanes is a pharmacy.
You can ask the pharmacist for advice. You do not need an appointment.
They can help with small injuries and common illnesses.",01368 863727,,1
ph_2541,Glm Romanes Ltd,Pharmacy,"7 Roseberry Place, Gullane",EH312AN,56.033982,-2.834414,,,,Call the pharmacy for opening times,Walk in - no appointment needed,Advice and treatment for minor injuries and common illnesses,0,NHS Scotland,opendata.nhs.scot,0,0,all,nhs;pharmacy,"Glm Romanes Ltd is a pharmacy.
You can ask the pharmacist for advice. You do not need an appointment.
They can help with small injuries and common illnesses.","Glm Romanes Ltd is a pharmacy.
You can ask the pharmacist for advice. You do not need an appointment.
They can help with small injuries and common illnesses.",01620 842248,,1
ph_2586,Glm Romanes Ltd,Pharmacy,"25 High Street, Dunbar, East Lothian",EH421EN,56.000746,-2.513994,,,,Call the pharmacy for opening times,Walk in - no appointment needed,Advice and treatment for minor injuries and common illnesses,0,NHS Scotland,opendata.nhs.scot,0,0,all,nhs;pharmacy,"Glm Romanes Ltd is a pharmacy.
You can ask the pharmacist for advice. You do not need an appointment.
They can help with small injuries and common illnesses.","Glm Romanes Ltd is a pharmacy.
You can ask the pharmacist for advice. You do not need an appointment.
They can help with small injuries and common illnesses.",01368 862305,,1
ph_2538,Healthcare 2-u Ltd,Pharmacy,"159 St John's Road, Corstorphine, Edinburgh",EH127SD,55.942582,-3.282424,,,,Call the pharmacy for opening times,Walk in - no appointment needed,Advice and treatment for minor injuries and common illnesses,0,NHS Scotland,opendata.nhs.scot,0,0,all,nhs;pharmacy,"Healthcare 2-u Ltd is a pharmacy.
You can ask the pharmacist for advice. You do not need an appointment.
They can help with small injuries and common illnesses.","Healthcare 2-u Ltd is a pharmacy.
You can ask the pharmacist for advice. You do not need an appointment.
They can help with small injuries and common illnesses.",0131 334 8106,,1
ph_2513,Jmc Healthcare Limited,Pharmacy,"Hawthorn Road, Prestonpans",EH329QW,55.957446,-2.969564,,,,Call the pharmacy for opening times,Walk in - no appointment needed,Advice and treatment for minor injuries and common illnesses,0,NHS Scotland,opendata.nhs.scot,0,0,all,nhs;pharmacy,"Jmc Healthcare Limited is a pharmacy.
You can ask the pharmacist for advice. You do not need an appointment.
They can help with small injuries and common illnesses.","Jmc Healthcare Limited is a pharmacy.
You can ask the pharmacist for advice. You do not need an appointment.
They can help with small injuries and common illnesses.",01875 811280,,1
ph_2540,Jmc Healthcare Ltd,Pharmacy,"121 Salters Road, Wallyford, East Lothian",EH218AQ,55.937135,-3.014825,,,,Call the pharmacy for opening times,Walk in - no appointment needed,Advice and treatment for minor injuries and common illnesses,0,NHS Scotland,opendata.nhs.scot,0,0,all,nhs;pharmacy,"Jmc Healthcare Ltd is a pharmacy.
You can ask the pharmacist for advice. You do not need an appointment.
They can help with small injuries and common illnesses.","Jmc Healthcare Ltd is a pharmacy.
You can ask the pharmacist for advice. You do not need an appointment.
They can help with small injuries and common illnesses.",0131 665 5499,,1
ph_6726,L Rowland & Co (retail),Pharmacy,"Richmond Terrace, Boness",EH510DQ,56.012033,-3.613676,,,,Call the pharmacy for opening times,Walk in - no appointment needed,Advice and treatment for minor injuries and common illnesses,0,NHS Scotland,opendata.nhs.scot,0,0,all,nhs;pharmacy,"L Rowland & Co (retail) is a pharmacy.
You can ask the pharmacist for advice. You do not need an appointment.
They can help with small injuries and common illnesses.","L Rowland & Co (retail) is a pharmacy.
You can ask the pharmacist for advice. You do not need an appointment.
They can help with small injuries and common illnesses.",01506 824524,,1
ph_2445,L Rowland & Co (retail) Ltd,Pharmacy,"48 High Street, Bonnyrigg",EH192AB,55.876066,-3.107099,,,,Call the pharmacy for opening times,Walk in - no appointment needed,Advice and treatment for minor injuries and common illnesses,0,NHS Scotland,opendata.nhs.scot,0,0,all,nhs;pharmacy,"L Rowland & Co (retail) Ltd is a pharmacy.
You can ask the pharmacist for advice. You do not need an appointment.
They can help with small injuries and common illnesses.","L Rowland & Co (retail) Ltd is a pharmacy.
You can ask the pharmacist for advice. You do not need an appointment.
They can help with small injuries and common illnesses.",0131 663 8353,,1
ph_2448,L Rowland & Co (retail) Ltd,Pharmacy,"22 Edinburgh Road, Penicuik, Midlothian",EH268NW,55.835651,-3.220878,,,,Call the pharmacy for opening times,Walk in - no appointment needed,Advice and treatment for minor injuries and common illnesses,0,NHS Scotland,opendata.nhs.scot,0,0,all,nhs;pharmacy,"L Rowland & Co (retail) Ltd is a pharmacy.
You can ask the pharmacist for advice. You do not need an appointment.
They can help with small injuries and common illnesses.","L Rowland & Co (retail) Ltd is a pharmacy.
You can ask the pharmacist for advice. You do not need an appointment.
They can help with small injuries and common illnesses.",01968 676868,,1
ph_2450,L Rowland & Co (retail) Ltd,Pharmacy,"55 Clerk Street, Loanhead",EH209RE,55.878339,-3.149266,,,,Call the pharmacy for opening times,Walk in - no appointment needed,Advice and treatment for minor injuries and common illnesses,0,NHS Scotland,opendata.nhs.scot,0,0,all,nhs;pharmacy,"L Rowland & Co (retail) Ltd is a pharmacy.
You can ask the pharmacist for advice. You do not need an appointment.
They can help with small injuries and common illnesses.","L Rowland & Co (retail) Ltd is a pharmacy.
You can ask the pharmacist for advice. You do not need an appointment.
They can help with small injuries and common illnesses.",0131 440 0511,,1
ph_2592,L Rowland & Co (retail) Ltd,Pharmacy,"Newbattle Medical Practice, 2 Blackcot Drive, Mayfield, Dalkeith",EH224AA,55.867559,-3.049347,,,,Call the pharmacy for opening times,Walk in - no appointment needed,Advice and treatment for minor injuries and common illnesses,0,NHS Scotland,opendata.nhs.scot,0,0,all,nhs;pharmacy,"L Rowland & Co (retail) Ltd is a pharmacy.
You can ask the pharmacist for advice. You do not need an appointment.
They can help with small injuries and common illnesses.","L Rowland & Co (retail) Ltd is a pharmacy.
You can ask the pharmacist for advice. You do not need an appointment.
They can help with small injuries and common illnesses.",0131 663 0129,,1
ph_2593,L Rowland & Co (retail) Ltd,Pharmacy,"Howden Health Centre, Howden Road West, Livingston",EH546TP,55.892804,-3.522833,,,,Call the pharmacy for opening times,Walk in - no appointment needed,Advice and treatment for minor injuries and common illnesses,0,NHS Scotland,opendata.nhs.scot,0,0,all,nhs;pharmacy,"L Rowland & Co (retail) Ltd is a pharmacy.
You can ask the pharmacist for advice. You do not need an appointment.
They can help with small injuries and common illnesses.","L Rowland & Co (retail) Ltd is a pharmacy.
You can ask the pharmacist for advice. You do not need an appointment.
They can help with small injuries and common illnesses.",01506 410 161,,1
ph_2594,L Rowland & Co (retail) Ltd,Pharmacy,"Broxburn Partnership Centre, 189a West Main Street, Broxburn, West Lothian",EH525LH,55.932614,-3.484362,,,,Call the pharmacy for opening times,Walk in - no appointment needed,Advice and treatment for minor injuries and common illnesses,0,NHS Scotland,opendata.nhs.scot,0,0,all,nhs;pharmacy,"L Rowland & Co (retail) Ltd is a pharmacy.
You can ask the pharmacist for advice. You do not need an appointment.
They can help with small injuries and common illnesses.","L Rowland & Co (retail) Ltd is a pharmacy.
You can ask the pharmacist for advice. You do not need an appointment.
They can help with small injuries and common illnesses.",01506 771757,,1
ph_2417,L Rowland and Company (retail) Limited,Pharmacy,"5-5a Featherhall Avenue, Edinburgh",EH127TG,55.942725,-3.287601,,,,Call the pharmacy for opening times,Walk in - no appointment needed,Advice and treatment for minor injuries and common illnesses,0,NHS Scotland,opendata.nhs.scot,0,0,all,nhs;pharmacy,"L Rowland and Company (retail) Limited is a pharmacy.
You can ask the pharmacist for advice. You do not need an appointment.
They can help with small injuries and common illnesses.","L Rowland and Company (retail) Limited is a pharmacy.
You can ask the pharmacist for advice. You do not need an appointment.
They can help with small injuries and common illnesses.",0131 334 4694,,1
ph_6672,L Rowland and Company (retail) Limited,Pharmacy,"5 South Street, Bo'ness",EH510EA,56.017244,-3.608903,,,,Call the pharmacy for opening times,Walk in - no appointment needed,Advice and treatment for minor injuries and common illnesses,0,NHS Scotland,opendata.nhs.scot,0,0,all,nhs;pharmacy,"L Rowland and Company (retail) Limited is a pharmacy.
You can ask the pharmacist for advice. You do not need an appointment.
They can help with small injuries and common illnesses.","L Rowland and Company (retail) Limited is a pharmacy.
You can ask the pharmacist for advice. You do not need an appointment.
They can help with small injuries and common illnesses.",01506 822701,,1
ph_2447,L. Rowland & Co (retail) Ltd,Pharmacy,"27 John Street, Penicuik, Midlothian",EH268HN,55.827216,-3.221539,,,,Call the pharmacy for opening times,Walk in - no appointment needed,Advice and treatment for minor injuries and common illnesses,0,NHS Scotland,opendata.nhs.scot,0,0,all,nhs;pharmacy,"L. Rowland & Co (retail) Ltd is a pharmacy.
You can ask the pharmacist for advice. You do not need an appointment.
They can help with small injuries and common illnesses.","L. Rowland & Co (retail) Ltd is a pharmacy.
You can ask the pharmacist for advice. You do not need an appointment.
They can help with small injuries and common illnesses.",01968 673939,,1
ph_2591,Laroch Healthcare Ltd,Pharmacy,"6 Eyre Place, Edinburgh",EH3 5EP,55.960565,-3.200125,,,,Call the pharmacy for opening times,Walk in - no appointment needed,Advice and treatment for minor injuries and common illnesses,0,NHS Scotland,opendata.nhs.scot,0,0,all,nhs;pharmacy,"Laroch Healthcare Ltd is a pharmacy.
You can ask the pharmacist for advice. You do not need an appointment.
They can help with small injuries and common illnesses.","Laroch Healthcare Ltd is a pharmacy.
You can ask the pharmacist for advice. You do not need an appointment.
They can help with small injuries and common illnesses.",0131 556 1908,,1
ph_2433,Logan Gray Ltd,Pharmacy,"65c High Street, Prestonpans",EH329AF,55.961355,-2.980939,,,,Call the pharmacy for opening times,Walk in - no appointment needed,Advice and treatment for minor injuries and common illnesses,0,NHS Scotland,opendata.nhs.scot,0,0,all,nhs;pharmacy,"Logan Gray Ltd is a pharmacy.
You can ask the pharmacist for advice. You do not need an appointment.
They can help with small injuries and common illnesses.","Logan Gray Ltd is a pharmacy.
You can ask the pharmacist for advice. You do not need an appointment.
They can help with small injuries and common illnesses.",01875 813533,,1
ph_2518,Logan Gray Ltd,Pharmacy,"27 Links Road, Longniddry, East Lothian",EH320HN,55.970501,-2.960485,,,,Call the pharmacy for opening times,Walk in - no appointment needed,Advice and treatment for minor injuries and common illnesses,0,NHS Scotland,opendata.nhs.scot,0,0,all,nhs;pharmacy,"Logan Gray Ltd is a pharmacy.
You can ask the pharmacist for advice. You do not need an appointment.
They can help with small injuries and common illnesses.","Logan Gray Ltd is a pharmacy.
You can ask the pharmacist for advice. You do not need an appointment.
They can help with small injuries and common illnesses.",01875 853328,,1
ph_2599,Lp North Sixteen Ltd,Pharmacy,"4951 High Street, Tranent, East Lothian",EH331LN,55.943976,-2.952559,,,,Call the pharmacy for opening times,Walk in - no appointment needed,Advice and treatment for minor injuries and common illnesses,0,NHS Scotland,opendata.nhs.scot,0,0,all,nhs;pharmacy,"Lp North Sixteen Ltd is a pharmacy.
You can ask the pharmacist for advice. You do not need an appointment.
They can help with small injuries and common illnesses.","Lp North Sixteen Ltd is a pharmacy.
You can ask the pharmacist for advice. You do not need an appointment.
They can help with small injuries and common illnesses.",01875610321,,1
ph_2601,Lp North Sixteen Ltd,Pharmacy,"21/21a West Main Street, Armadale, West Lothian",EH483PZ,55.898309,-3.702128,,,,Call the pharmacy for opening times,Walk in - no appointment needed,Advice and treatment for minor injuries and common illnesses,0,NHS Scotland,opendata.nhs.scot,0,0,all,nhs;pharmacy,"Lp North Sixteen Ltd is a pharmacy.
You can ask the pharmacist for advice. You do not need an appointment.
They can help with small injuries and common illnesses.","Lp North Sixteen Ltd is a pharmacy.
You can ask the pharmacist for advice. You do not need an appointment.
They can help with small injuries and common illnesses.",01501732638,,1
ph_2606,Lp North Sixteen Ltd,Pharmacy,"6 Macmillan Square, Edinburgh",EH4 4AB,55.971604,-3.253646,,,,Call the pharmacy for opening times,Walk in - no appointment needed,Advice and treatment for minor injuries and common illnesses,0,NHS Scotland,opendata.nhs.scot,0,0,all,nhs;pharmacy,"Lp North Sixteen Ltd is a pharmacy.
You can ask the pharmacist for advice. You do not need an appointment.
They can help with small injuries and common illnesses.","Lp North Sixteen Ltd is a pharmacy.
You can ask the pharmacist for advice. You do not need an appointment.
They can help with small injuries and common illnesses.",0131 343 7610,,1
ph_2607,Lp North Sixteen Ltd,Pharmacy,"286 High Street, Linlithgow, West Lothian",EH497ER,55.976168,-3.607615,,,,Call the pharmacy for opening times,Walk in - no appointment needed,Advice and treatment for minor injuries and common illnesses,0,NHS Scotland,opendata.nhs.scot,0,0,all,nhs;pharmacy,"Lp North Sixteen Ltd is a pharmacy.
You can ask the pharmacist for advice. You do not need an appointment.
They can help with small injuries and common illnesses.","Lp North Sixteen Ltd is a pharmacy.
You can ask the pharmacist for advice. You do not need an appointment.
They can help with small injuries and common illnesses.",01506670280,,1
ph_2608,Lp Sd One Hundred Twenty Eight Ltd,Pharmacy,"7/9 Deanhaugh Street, Edinburgh",EH4 1LU,55.958321,-3.209057,,,,Call the pharmacy for opening times,Walk in - no appointment needed,Advice and treatment for minor injuries and common illnesses,0,NHS Scotland,opendata.nhs.scot,0,0,all,nhs;pharmacy,"Lp Sd One Hundred Twenty Eight Ltd is a pharmacy.
You can ask the pharmacist for advice. You do not need an appointment.
They can help with small injuries and common illnesses.","Lp Sd One Hundred Twenty Eight Ltd is a pharmacy.
You can ask the pharmacist for advice. You do not need an appointment.
They can help with small injuries and common illnesses.",0131 332 5721,,1
ph_2479,Lunn Pharmacy Ltd,Pharmacy,"1 The Square, East Linton, East Lothian",EH403AD,55.986274,-2.655489,,,,Call the pharmacy for opening times,Walk in - no appointment needed,Advice and treatment for minor injuries and common illnesses,0,NHS Scotland,opendata.nhs.scot,0,0,all,nhs;pharmacy,"Lunn Pharmacy Ltd is a pharmacy.
You can ask the pharmacist for advice. You do not need an appointment.
They can help with small injuries and common illnesses.","Lunn Pharmacy Ltd is a pharmacy.
You can ask the pharmacist for advice. You do not need an appointment.
They can help with small injuries and common illnesses.",01620 860219,,1
ph_2552,Lunn Pharmacy Ltd,Pharmacy,"64 North Street, Ratho",EH288RR,55.921595,-3.38341,,,,Call the pharmacy for opening times,Walk in - no appointment needed,Advice and treatment for minor injuries and common illnesses,0,NHS Scotland,opendata.nhs.scot,0,0,all,nhs;pharmacy,"Lunn Pharmacy Ltd is a pharmacy.
You can ask the pharmacist for advice. You do not need an appointment.
They can help with small injuries and common illnesses.","Lunn Pharmacy Ltd is a pharmacy.
You can ask the pharmacist for advice. You do not need an appointment.
They can help with small injuries and common illnesses.",0131 333 1397,,1
ph_2559,M & D Green Dispensing Chemist Ltd,Pharmacy,"179 Dundee Street, Edinburgh",EH111BY,55.939805,-3.219799,,,,Call the pharmacy for opening times,Walk in - no appointment needed,Advice and treatment for minor injuries and common illnesses,0,NHS Scotland,opendata.nhs.scot,0,0,all,nhs;pharmacy,"M & D Green Dispensing Chemist Ltd is a pharmacy.
You can ask the pharmacist for advice. You do not need an appointment.
They can help with small injuries and common illnesses.","M & D Green Dispensing Chemist Ltd is a pharmacy.
You can ask the pharmacist for advice. You do not need an appointment.
They can help with small injuries and common illnesses.",0131 229 8281,,1
ph_2563,M & D Green Dispensing Chemist Ltd,Pharmacy,"165 High Street, Musselburgh",EH217DE,55.94235,-3.05289,,,,Call the pharmacy for opening times,Walk in - no appointment needed,Advice and treatment for minor injuries and common illnesses,0,NHS Scotland,opendata.nhs.scot,0,0,all,nhs;pharmacy,"M & D Green Dispensing Chemist Ltd is a pharmacy.
You can ask the pharmacist for advice. You do not need an appointment.
They can help with small injuries and common illnesses.","M & D Green Dispensing Chemist Ltd is a pharmacy.
You can ask the pharmacist for advice. You do not need an appointment.
They can help with small injuries and common illnesses.",0131 665 2146,,1
ph_2405,M Farren Ltd,Pharmacy,"177 Bruntsfield Place, Edinburgh",EH104DG,55.935718,-3.209585,,,,Call the pharmacy for opening times,Walk in - no appointment needed,Advice and treatment for minor injuries and common illnesses,0,NHS Scotland,opendata.nhs.scot,0,0,all,nhs;pharmacy,"M Farren Ltd is a pharmacy.
You can ask the pharmacist for advice. You do not need an appointment.
They can help with small injuries and common illnesses.","M Farren Ltd is a pharmacy.
You can ask the pharmacist for advice. You do not need an appointment.
They can help with small injuries and common illnesses.",0131 2292110,,1
ph_8063,M Farren Ltd,Pharmacy,"31 High Street, Innerleithen",EH446HD,55.618806,-3.063901,,,,Call the pharmacy for opening times,Walk in - no appointment needed,Advice and treatment for minor injuries and common illnesses,0,NHS Scotland,opendata.nhs.scot,0,0,all,nhs;pharmacy,"M Farren Ltd is a pharmacy.
You can ask the pharmacist for advice. You do not need an appointment.
They can help with small injuries and common illnesses.","M Farren Ltd is a pharmacy.
You can ask the pharmacist for advice. You do not need an appointment.
They can help with small injuries and common illnesses.",01896 830384,,1
ph_2571,M&d Green Dispensing Chemist Ltd,Pharmacy,"291 Calder Road, Edinburgh",EH114RH,55.924772,-3.275562,,,,Call the pharmacy for opening times,Walk in - no appointment needed,Advice and treatment for minor injuries and common illnesses,0,NHS Scotland,opendata.nhs.scot,0,0,all,nhs;pharmacy,"M&d Green Dispensing Chemist Ltd is a pharmacy.
You can ask the pharmacist for advice. You do not need an appointment.
They can help with small injuries and common illnesses.","M&d Green Dispensing Chemist Ltd is a pharmacy.
You can ask the pharmacist for advice. You do not need an appointment.
They can help with small injuries and common illnesses.",0131 455 7073,,1
ph_2572,M&d Green Dispensing Chemist Ltd,Pharmacy,"18 Calder Park, Sighthill, Edinburgh",EH114JN,55.919749,-3.295351,,,,Call the pharmacy for opening times,Walk in - no appointment needed,Advice and treatment for minor injuries and common illnesses,0,NHS Scotland,opendata.nhs.scot,0,0,all,nhs;pharmacy,"M&d Green Dispensing Chemist Ltd is a pharmacy.
You can ask the pharmacist for advice. You do not need an appointment.
They can help with small injuries and common illnesses.","M&d Green Dispensing Chemist Ltd is a pharmacy.
You can ask the pharmacist for advice. You do not need an appointment.
They can help with small injuries and common illnesses.",0131 453 2674,,1
ph_2573,M&d Green Dispensing Chemist Ltd,Pharmacy,"Sighthill Health Centre, 380 Calder Road, Edinburgh",EH114AU,55.923468,-3.286017,,,,Call the pharmacy for opening times,Walk in - no appointment needed,Advice and treatment for minor injuries and common illnesses,0,NHS Scotland,opendata.nhs.scot,0,0,all,nhs;pharmacy,"M&d Green Dispensing Chemist Ltd is a pharmacy.
You can ask the pharmacist for advice. You do not need an appointment.
They can help with small injuries and common illnesses.","M&d Green Dispensing Chemist Ltd is a pharmacy.
You can ask the pharmacist for advice. You do not need an appointment.
They can help with small injuries and common illnesses.",0131 453 4782,,1
ph_2574,M&d Green Dispensing Chemist Ltd,Pharmacy,"146/148 Saughton Road North, Edinburgh",EH127DS,55.934159,-3.276736,,,,Call the pharmacy for opening times,Walk in - no appointment needed,Advice and treatment for minor injuries and common illnesses,0,NHS Scotland,opendata.nhs.scot,0,0,all,nhs;pharmacy,"M&d Green Dispensing Chemist Ltd is a pharmacy.
You can ask the pharmacist for advice. You do not need an appointment.
They can help with small injuries and common illnesses.","M&d Green Dispensing Chemist Ltd is a pharmacy.
You can ask the pharmacist for advice. You do not need an appointment.
They can help with small injuries and common illnesses.",0131 334 2087,,1
ph_2619,M&d Green Dispensing Chemist Ltd,Pharmacy,"1 Gracemount Drive, Edinburgh",EH166RR,55.902293,-3.156066,,,,Call the pharmacy for opening times,Walk in - no appointment needed,Advice and treatment for minor injuries and common illnesses,0,NHS Scotland,opendata.nhs.scot,0,0,all,nhs;pharmacy,"M&d Green Dispensing Chemist Ltd is a pharmacy.
You can ask the pharmacist for advice. You do not need an appointment.
They can help with small injuries and common illnesses.","M&d Green Dispensing Chemist Ltd is a pharmacy.
You can ask the pharmacist for advice. You do not need an appointment.
They can help with small injuries and common illnesses.",0131 664 2249,,1
ph_2620,M&d Green Dispensing Chemist Ltd,Pharmacy,"7 North Street, Armadale",EH483QB,55.899581,-3.699129,,,,Call the pharmacy for opening times,Walk in - no appointment needed,Advice and treatment for minor injuries and common illnesses,0,NHS Scotland,opendata.nhs.scot,0,0,all,nhs;pharmacy,"M&d Green Dispensing Chemist Ltd is a pharmacy.
You can ask the pharmacist for advice. You do not need an appointment.
They can help with small injuries and common illnesses.","M&d Green Dispensing Chemist Ltd is a pharmacy.
You can ask the pharmacist for advice. You do not need an appointment.
They can help with small injuries and common illnesses.",01501 730748,,1
ph_2621,M&d Green Dispensing Chemist Ltd,Pharmacy,"105 High Street, Musselburgh",EH217DA,55.942823,-3.050165,,,,Call the pharmacy for opening times,Walk in - no appointment needed,Advice and treatment for minor injuries and common illnesses,0,NHS Scotland,opendata.nhs.scot,0,0,all,nhs;pharmacy,"M&d Green Dispensing Chemist Ltd is a pharmacy.
You can ask the pharmacist for advice. You do not need an appointment.
They can help with small injuries and common illnesses.","M&d Green Dispensing Chemist Ltd is a pharmacy.
You can ask the pharmacist for advice. You do not need an appointment.
They can help with small injuries and common illnesses.",0131 653 2577,,1
ph_2515,Manorport Ltd,Pharmacy,"27 Elizabeth Drive, Boghall, Bathgate, West Lothian",EH481SJ,55.899579,-3.609002,,,,Call the pharmacy for opening times,Walk in - no appointment needed,Advice and treatment for minor injuries and common illnesses,0,NHS Scotland,opendata.nhs.scot,0,0,all,nhs;pharmacy,"Manorport Ltd is a pharmacy.
You can ask the pharmacist for advice. You do not need an appointment.
They can help with small injuries and common illnesses.","Manorport Ltd is a pharmacy.
You can ask the pharmacist for advice. You do not need an appointment.
They can help with small injuries and common illnesses.",01506 653867,,1
ph_2618,Marchmont Healthcare Ltd,Pharmacy,"41 43 Warrender Park Road, Edinburgh",EH9 1EU,55.938584,-3.195811,,,,Call the pharmacy for opening times,Walk in - no appointment needed,Advice and treatment for minor injuries and common illnesses,0,NHS Scotland,opendata.nhs.scot,0,0,all,nhs;pharmacy,"Marchmont Healthcare Ltd is a pharmacy.
You can ask the pharmacist for advice. You do not need an appointment.
They can help with small injuries and common illnesses.","Marchmont Healthcare Ltd is a pharmacy.
You can ask the pharmacist for advice. You do not need an appointment.
They can help with small injuries and common illnesses.",0131 228 6677,,1
ph_2612,Martin John Green,Pharmacy,"2/4 Piershill Place, Edinburgh",EH8 7EH,55.954897,-3.147034,,,,Call the pharmacy for opening times,Walk in - no appointment needed,Advice and treatment for minor injuries and common illnesses,0,NHS Scotland,opendata.nhs.scot,0,0,all,nhs;pharmacy,"Martin John Green is a pharmacy.
You can ask the pharmacist for advice. You do not need an appointment.
They can help with small injuries and common illnesses.","Martin John Green is a pharmacy.
You can ask the pharmacist for advice. You do not need an appointment.
They can help with small injuries and common illnesses.",0131 661 3591,,1
ph_2587,Mayfield Healthcare Ltd,Pharmacy,"2 Bogwood Court, Mayfield, Dalkeith",EH225DG,55.874596,-3.042808,,,,Call the pharmacy for opening times,Walk in - no appointment needed,Advice and treatment for minor injuries and common illnesses,0,NHS Scotland,opendata.nhs.scot,0,0,all,nhs;pharmacy,"Mayfield Healthcare Ltd is a pharmacy.
You can ask the pharmacist for advice. You do not need an appointment.
They can help with small injuries and common illnesses.","Mayfield Healthcare Ltd is a pharmacy.
You can ask the pharmacist for advice. You do not need an appointment.
They can help with small injuries and common illnesses.",0131 663 3523,,1
ph_2516,Mbm Shelfco (57) Ltd,Pharmacy,"195 Whitehouse Road, Barnton, Edinburgh",EH4 6BU,55.961797,-3.305887,,,,Call the pharmacy for opening times,Walk in - no appointment needed,Advice and treatment for minor injuries and common illnesses,0,NHS Scotland,opendata.nhs.scot,0,0,all,nhs;pharmacy,"Mbm Shelfco (57) Ltd is a pharmacy.
You can ask the pharmacist for advice. You do not need an appointment.
They can help with small injuries and common illnesses.","Mbm Shelfco (57) Ltd is a pharmacy.
You can ask the pharmacist for advice. You do not need an appointment.
They can help with small injuries and common illnesses.",0131 339 3449,,1
ph_2614,Mk Pharmacare Ltd,Pharmacy,"22 Main Street, Blackridge, Bathgate",EH483SA,55.884184,-3.769587,,,,Call the pharmacy for opening times,Walk in - no appointment needed,Advice and treatment for minor injuries and common illnesses,0,NHS Scotland,opendata.nhs.scot,0,0,all,nhs;pharmacy,"Mk Pharmacare Ltd is a pharmacy.
You can ask the pharmacist for advice. You do not need an appointment.
They can help with small injuries and common illnesses.","Mk Pharmacare Ltd is a pharmacy.
You can ask the pharmacist for advice. You do not need an appointment.
They can help with small injuries and common illnesses.",01501 751175,,1
ph_2588,Newtongrange Healthcare Limited,Pharmacy,"131 Main Street, Newtongrange, Midlothian",EH224PF,55.86458,-3.066587,,,,Call the pharmacy for opening times,Walk in - no appointment needed,Advice and treatment for minor injuries and common illnesses,0,NHS Scotland,opendata.nhs.scot,0,0,all,nhs;pharmacy,"Newtongrange Healthcare Limited is a pharmacy.
You can ask the pharmacist for advice. You do not need an appointment.
They can help with small injuries and common illnesses.","Newtongrange Healthcare Limited is a pharmacy.
You can ask the pharmacist for advice. You do not need an appointment.
They can help with small injuries and common illnesses.",0131 663 2251,,1
ph_2442,Omnicare Pharmacy Ltd,Pharmacy,"2 Home Street, Edinburgh",EH3 9LY,55.943473,-3.203983,,,,Call the pharmacy for opening times,Walk in - no appointment needed,Advice and treatment for minor injuries and common illnesses,0,NHS Scotland,opendata.nhs.scot,0,0,all,nhs;pharmacy,"Omnicare Pharmacy Ltd is a pharmacy.
You can ask the pharmacist for advice. You do not need an appointment.
They can help with small injuries and common illnesses.","Omnicare Pharmacy Ltd is a pharmacy.
You can ask the pharmacist for advice. You do not need an appointment.
They can help with small injuries and common illnesses.",0131 229 7778,,1
ph_2457,Omnicare Pharmacy Ltd,Pharmacy,"6 Main Street, Deans, Livingston, West Lothian",EH548DF,55.900272,-3.566438,,,,Call the pharmacy for opening times,Walk in - no appointment needed,Advice and treatment for minor injuries and common illnesses,0,NHS Scotland,opendata.nhs.scot,0,0,all,nhs;pharmacy,"Omnicare Pharmacy Ltd is a pharmacy.
You can ask the pharmacist for advice. You do not need an appointment.
They can help with small injuries and common illnesses.","Omnicare Pharmacy Ltd is a pharmacy.
You can ask the pharmacist for advice. You do not need an appointment.
They can help with small injuries and common illnesses.",01506 411570,,1
ph_2496,Omnicare Pharmacy Ltd,Pharmacy,"160 Causewayside, Edinburgh",EH9 1PR,55.936446,-3.180825,,,,Call the pharmacy for opening times,Walk in - no appointment needed,Advice and treatment for minor injuries and common illnesses,0,NHS Scotland,opendata.nhs.scot,0,0,all,nhs;pharmacy,"Omnicare Pharmacy Ltd is a pharmacy.
You can ask the pharmacist for advice. You do not need an appointment.
They can help with small injuries and common illnesses.","Omnicare Pharmacy Ltd is a pharmacy.
You can ask the pharmacist for advice. You do not need an appointment.
They can help with small injuries and common illnesses.",0131 667 2151,,1
ph_2507,Omnicare Pharmacy Ltd,Pharmacy,"102-104 Walter Scott Avenue, Edinburgh",EH165RL,55.922026,-3.154046,,,,Call the pharmacy for opening times,Walk in - no appointment needed,Advice and treatment for minor injuries and common illnesses,0,NHS Scotland,opendata.nhs.scot,0,0,all,nhs;pharmacy,"Omnicare Pharmacy Ltd is a pharmacy.
You can ask the pharmacist for advice. You do not need an appointment.
They can help with small injuries and common illnesses.","Omnicare Pharmacy Ltd is a pharmacy.
You can ask the pharmacist for advice. You do not need an appointment.
They can help with small injuries and common illnesses.",0131 664 2363,,1
ph_2508,Omnicare Pharmacy Ltd,Pharmacy,"38 Duart Crescent, Edinburgh",EH4 7JP,55.953406,-3.296459,,,,Call the pharmacy for opening times,Walk in - no appointment needed,Advice and treatment for minor injuries and common illnesses,0,NHS Scotland,opendata.nhs.scot,0,0,all,nhs;pharmacy,"Omnicare Pharmacy Ltd is a pharmacy.
You can ask the pharmacist for advice. You do not need an appointment.
They can help with small injuries and common illnesses.","Omnicare Pharmacy Ltd is a pharmacy.
You can ask the pharmacist for advice. You do not need an appointment.
They can help with small injuries and common illnesses.",0131 339  6525,,1
ph_2509,Omnicare Pharmacy Ltd,Pharmacy,"1 Ardmillan Terrace, Edinburgh",EH112JN,55.938736,-3.226057,,,,Call the pharmacy for opening times,Walk in - no appointment needed,Advice and treatment for minor injuries and common illnesses,0,NHS Scotland,opendata.nhs.scot,0,0,all,nhs;pharmacy,"Omnicare Pharmacy Ltd is a pharmacy.
You can ask the pharmacist for advice. You do not need an appointment.
They can help with small injuries and common illnesses.","Omnicare Pharmacy Ltd is a pharmacy.
You can ask the pharmacist for advice. You do not need an appointment.
They can help with small injuries and common illnesses.",0131 337 1604,,1
ph_2510,Omnicare Pharmacy Ltd,Pharmacy,"Unit 4, 509 Queensferry Road, Edinburgh",EH4 7QD,55.960313,-3.29496,,,,Call the pharmacy for opening times,Walk in - no appointment needed,Advice and treatment for minor injuries and common illnesses,0,NHS Scotland,opendata.nhs.scot,0,0,all,nhs;pharmacy,"Omnicare Pharmacy Ltd is a pharmacy.
You can ask the pharmacist for advice. You do not need an appointment.
They can help with small injuries and common illnesses.","Omnicare Pharmacy Ltd is a pharmacy.
You can ask the pharmacist for advice. You do not need an appointment.
They can help with small injuries and common illnesses.",0131 336 2861,,1
ph_2521,Omnicare Pharmacy Ltd,Pharmacy,"23-25 West Main Street, Uphall, West Lothian",EH525DN,55.929345,-3.507125,,,,Call the pharmacy for opening times,Walk in - no appointment needed,Advice and treatment for minor injuries and common illnesses,0,NHS Scotland,opendata.nhs.scot,0,0,all,nhs;pharmacy,"Omnicare Pharmacy Ltd is a pharmacy.
You can ask the pharmacist for advice. You do not need an appointment.
They can help with small injuries and common illnesses.","Omnicare Pharmacy Ltd is a pharmacy.
You can ask the pharmacist for advice. You do not need an appointment.
They can help with small injuries and common illnesses.",01506 857516,,1
ph_2600,Omnicare Pharmacy Ltd,Pharmacy,"25 Main Street, Mid Calder, West Lothian",EH530AW,55.891729,-3.481215,,,,Call the pharmacy for opening times,Walk in - no appointment needed,Advice and treatment for minor injuries and common illnesses,0,NHS Scotland,opendata.nhs.scot,0,0,all,nhs;pharmacy,"Omnicare Pharmacy Ltd is a pharmacy.
You can ask the pharmacist for advice. You do not need an appointment.
They can help with small injuries and common illnesses.","Omnicare Pharmacy Ltd is a pharmacy.
You can ask the pharmacist for advice. You do not need an appointment.
They can help with small injuries and common illnesses.",01506 885055,,1
ph_2580,Pro Health Pharmacy Ltd,Pharmacy,"3 Bughtlin Market, Edinburgh",EH128XP,55.95136,-3.303806,,,,Call the pharmacy for opening times,Walk in - no appointment needed,Advice and treatment for minor injuries and common illnesses,0,NHS Scotland,opendata.nhs.scot,0,0,all,nhs;pharmacy,"Pro Health Pharmacy Ltd is a pharmacy.
You can ask the pharmacist for advice. You do not need an appointment.
They can help with small injuries and common illnesses.","Pro Health Pharmacy Ltd is a pharmacy.
You can ask the pharmacist for advice. You do not need an appointment.
They can help with small injuries and common illnesses.",0131 339 1188,,1
ph_2495,Pro-health Pharmacy Ltd,Pharmacy,"46-48 Clerk Street, Edinburgh",EH8 9JB,55.942017,-3.181699,,,,Call the pharmacy for opening times,Walk in - no appointment needed,Advice and treatment for minor injuries and common illnesses,0,NHS Scotland,opendata.nhs.scot,0,0,all,nhs;pharmacy,"Pro-health Pharmacy Ltd is a pharmacy.
You can ask the pharmacist for advice. You do not need an appointment.
They can help with small injuries and common illnesses.","Pro-health Pharmacy Ltd is a pharmacy.
You can ask the pharmacist for advice. You do not need an appointment.
They can help with small injuries and common illnesses.",0131 667 2368,,1
ph_2576,Red Band Chemical Co Ltd,Pharmacy,"173 Piersfield Terrace, Edinburgh",EH8 7BR,55.955688,-3.141227,,,,Call the pharmacy for opening times,Walk in - no appointment needed,Advice and treatment for minor injuries and common illnesses,0,NHS Scotland,opendata.nhs.scot,0,0,all,nhs;pharmacy,"Red Band Chemical Co Ltd is a pharmacy.
You can ask the pharmacist for advice. You do not need an appointment.
They can help with small injuries and common illnesses.","Red Band Chemical Co Ltd is a pharmacy.
You can ask the pharmacist for advice. You do not need an appointment.
They can help with small injuries and common illnesses.",0131 669 8109,,1
ph_2550,Red Band Chemical Company Ltd,Pharmacy,"96 Niddrie Mains Road, Edinburgh",EH164DT,55.932592,-3.135826,,,,Call the pharmacy for opening times,Walk in - no appointment needed,Advice and treatment for minor injuries and common illnesses,0,NHS Scotland,opendata.nhs.scot,0,0,all,nhs;pharmacy,"Red Band Chemical Company Ltd is a pharmacy.
You can ask the pharmacist for advice. You do not need an appointment.
They can help with small injuries and common illnesses.","Red Band Chemical Company Ltd is a pharmacy.
You can ask the pharmacist for advice. You do not need an appointment.
They can help with small injuries and common illnesses.",0131 661 2578,,1
ph_2551,Red Band Chemical Company Ltd,Pharmacy,"58-60 Niddrie Mains Road, Edinburgh",EH164BG,55.932523,-3.139377,,,,Call the pharmacy for opening times,Walk in - no appointment needed,Advice and treatment for minor injuries and common illnesses,0,NHS Scotland,opendata.nhs.scot,0,0,all,nhs;pharmacy,"Red Band Chemical Company Ltd is a pharmacy.
You can ask the pharmacist for advice. You do not need an appointment.
They can help with small injuries and common illnesses.","Red Band Chemical Company Ltd is a pharmacy.
You can ask the pharmacist for advice. You do not need an appointment.
They can help with small injuries and common illnesses.",0131 661 2662,,1
ph_2394,Right Medicine Pharmacy Limited,Pharmacy,"5 Canal Road, Winchburgh, West Lothian",EH526FD,55.960516,-3.465518,,,,Call the pharmacy for opening times,Walk in - no appointment needed,Advice and treatment for minor injuries and common illnesses,0,NHS Scotland,opendata.nhs.scot,0,0,all,nhs;pharmacy,"Right Medicine Pharmacy Limited is a pharmacy.
You can ask the pharmacist for advice. You do not need an appointment.
They can help with small injuries and common illnesses.","Right Medicine Pharmacy Limited is a pharmacy.
You can ask the pharmacist for advice. You do not need an appointment.
They can help with small injuries and common illnesses.",01506 890313,,1
ph_2426,Right Medicine Pharmacy Limited,Pharmacy,"71 Newton Church Road, Danderhall, Midlothian",EH221LX,55.912756,-3.106785,,,,Call the pharmacy for opening times,Walk in - no appointment needed,Advice and treatment for minor injuries and common illnesses,0,NHS Scotland,opendata.nhs.scot,0,0,all,nhs;pharmacy,"Right Medicine Pharmacy Limited is a pharmacy.
You can ask the pharmacist for advice. You do not need an appointment.
They can help with small injuries and common illnesses.","Right Medicine Pharmacy Limited is a pharmacy.
You can ask the pharmacist for advice. You do not need an appointment.
They can help with small injuries and common illnesses.",0131 663 3031,,1
ph_2481,Right Medicine Pharmacy Limited,Pharmacy,"142 Marchmont Road, Edinburgh",EH9 1AQ,55.935101,-3.194551,,,,Call the pharmacy for opening times,Walk in - no appointment needed,Advice and treatment for minor injuries and common illnesses,0,NHS Scotland,opendata.nhs.scot,0,0,all,nhs;pharmacy,"Right Medicine Pharmacy Limited is a pharmacy.
You can ask the pharmacist for advice. You do not need an appointment.
They can help with small injuries and common illnesses.","Right Medicine Pharmacy Limited is a pharmacy.
You can ask the pharmacist for advice. You do not need an appointment.
They can help with small injuries and common illnesses.",0131 447 2198,,1
ph_2498,Right Medicine Pharmacy Limited,Pharmacy,"107-109 Chapelton Drive, Polbeth, West Lothian",EH558SQ,55.859584,-3.550804,,,,Call the pharmacy for opening times,Walk in - no appointment needed,Advice and treatment for minor injuries and common illnesses,0,NHS Scotland,opendata.nhs.scot,0,0,all,nhs;pharmacy,"Right Medicine Pharmacy Limited is a pharmacy.
You can ask the pharmacist for advice. You do not need an appointment.
They can help with small injuries and common illnesses.","Right Medicine Pharmacy Limited is a pharmacy.
You can ask the pharmacist for advice. You do not need an appointment.
They can help with small injuries and common illnesses.",01506 873205,,1
ph_2254,Right Medicine Pharmacy Ltd,Pharmacy,"2 Beaufort Road, Edinburgh",EH9 1AG,55.935094,-3.19335,,,,Call the pharmacy for opening times,Walk in - no appointment needed,Advice and treatment for minor injuries and common illnesses,0,NHS Scotland,opendata.nhs.scot,0,0,all,nhs;pharmacy,"Right Medicine Pharmacy Ltd is a pharmacy.
You can ask the pharmacist for advice. You do not need an appointment.
They can help with small injuries and common illnesses.","Right Medicine Pharmacy Ltd is a pharmacy.
You can ask the pharmacist for advice. You do not need an appointment.
They can help with small injuries and common illnesses.",0131 4479610,,1
ph_2523,Right Medicine Pharmacy Ltd,Pharmacy,"210 Main Street, Pathhead, Midlothian",EH375PP,55.862496,-2.96194,,,,Call the pharmacy for opening times,Walk in - no appointment needed,Advice and treatment for minor injuries and common illnesses,0,NHS Scotland,opendata.nhs.scot,0,0,all,nhs;pharmacy,"Right Medicine Pharmacy Ltd is a pharmacy.
You can ask the pharmacist for advice. You do not need an appointment.
They can help with small injuries and common illnesses.","Right Medicine Pharmacy Ltd is a pharmacy.
You can ask the pharmacist for advice. You do not need an appointment.
They can help with small injuries and common illnesses.",01875 320020,,1
ph_2558,Roslin Health Care Ltd,Pharmacy,"122 Penicuik Road, Roslin",EH259NT,55.856776,-3.175707,,,,Call the pharmacy for opening times,Walk in - no appointment needed,Advice and treatment for minor injuries and common illnesses,0,NHS Scotland,opendata.nhs.scot,0,0,all,nhs;pharmacy,"Roslin Health Care Ltd is a pharmacy.
You can ask the pharmacist for advice. You do not need an appointment.
They can help with small injuries and common illnesses.","Roslin Health Care Ltd is a pharmacy.
You can ask the pharmacist for advice. You do not need an appointment.
They can help with small injuries and common illnesses.",0131 440 2596,,1
ph_2911,Salts Healthcare Ltd,Pharmacy,"Bridgeside House, 97 Mcdonald Road, Edinburgh",EH7 4NS,55.964433,-3.185651,,,,Call the pharmacy for opening times,Walk in - no appointment needed,Advice and treatment for minor injuries and common illnesses,0,NHS Scotland,opendata.nhs.scot,0,0,all,nhs;pharmacy,"Salts Healthcare Ltd is a pharmacy.
You can ask the pharmacist for advice. You do not need an appointment.
They can help with small injuries and common illnesses.","Salts Healthcare Ltd is a pharmacy.
You can ask the pharmacist for advice. You do not need an appointment.
They can help with small injuries and common illnesses.",0131 557 1568,,1
ph_2484,Stoneyburn Healthcare Ltd,Pharmacy,"67 Main Street, Stoneyburn",EH478BY,55.846061,-3.633336,,,,Call the pharmacy for opening times,Walk in - no appointment needed,Advice and treatment for minor injuries and common illnesses,0,NHS Scotland,opendata.nhs.scot,0,0,all,nhs;pharmacy,"Stoneyburn Healthcare Ltd is a pharmacy.
You can ask the pharmacist for advice. You do not need an appointment.
They can help with small injuries and common illnesses.","Stoneyburn Healthcare Ltd is a pharmacy.
You can ask the pharmacist for advice. You do not need an appointment.
They can help with small injuries and common illnesses.",01501 762274,,1
ph_2590,Stuart & Bilon Limited,Pharmacy,"3/5 Duke Street, Edinburgh",EH6 6AE,55.970839,-3.171587,,,,Call the pharmacy for opening times,Walk in - no appointment needed,Advice and treatment for minor injuries and common illnesses,0,NHS Scotland,opendata.nhs.scot,0,0,all,nhs;pharmacy,"Stuart & Bilon Limited is a pharmacy.
You can ask the pharmacist for advice. You do not need an appointment.
They can help with small injuries and common illnesses.","Stuart & Bilon Limited is a pharmacy.
You can ask the pharmacist for advice. You do not need an appointment.
They can help with small injuries and common illnesses.",0131 554 7511,,1
ph_2338,Tesco Stores Ltd,Pharmacy,"7 Broughton Road, Edinburgh",EH7 4EW,55.963405,-3.196336,,,,Call the pharmacy for opening times,Walk in - no appointment needed,Advice and treatment for minor injuries and common illnesses,0,NHS Scotland,opendata.nhs.scot,0,0,all,nhs;pharmacy,"Tesco Stores Ltd is a pharmacy.
You can ask the pharmacist for advice. You do not need an appointment.
They can help with small injuries and common illnesses.","Tesco Stores Ltd is a pharmacy.
You can ask the pharmacist for advice. You do not need an appointment.
They can help with small injuries and common illnesses.",0131 289 0017,,1
ph_2268,The Red Band Chem Company Ltd,Pharmacy,"536 Lanark Road, Edinburgh",EH145DJ,55.903831,-3.284631,,,,Call the pharmacy for opening times,Walk in - no appointment needed,Advice and treatment for minor injuries and common illnesses,0,NHS Scotland,opendata.nhs.scot,0,0,all,nhs;pharmacy,"The Red Band Chem Company Ltd is a pharmacy.
You can ask the pharmacist for advice. You do not need an appointment.
They can help with small injuries and common illnesses.","The Red Band Chem Company Ltd is a pharmacy.
You can ask the pharmacist for advice. You do not need an appointment.
They can help with small injuries and common illnesses.",0131 4533130,,1
ph_2239,The Red Band Chemical Co Ltd,Pharmacy,"New Health Centre Site, Pharmacy Unit, Burngrange, West Calder",EH558EJ,55.849736,-3.578317,,,,Call the pharmacy for opening times,Walk in - no appointment needed,Advice and treatment for minor injuries and common illnesses,0,NHS Scotland,opendata.nhs.scot,0,0,all,nhs;pharmacy,"The Red Band Chemical Co Ltd is a pharmacy.
You can ask the pharmacist for advice. You do not need an appointment.
They can help with small injuries and common illnesses.","The Red Band Chemical Co Ltd is a pharmacy.
You can ask the pharmacist for advice. You do not need an appointment.
They can help with small injuries and common illnesses.",01506 871232,,1
ph_2398,The Red Band Chemical Co Ltd,Pharmacy,"22 Hillhouse Road, Edinburgh",EH4 3TH,55.959895,-3.256503,,,,Call the pharmacy for opening times,Walk in - no appointment needed,Advice and treatment for minor injuries and common illnesses,0,NHS Scotland,opendata.nhs.scot,0,0,all,nhs;pharmacy,"The Red Band Chemical Co Ltd is a pharmacy.
You can ask the pharmacist for advice. You do not need an appointment.
They can help with small injuries and common illnesses.","The Red Band Chemical Co Ltd is a pharmacy.
You can ask the pharmacist for advice. You do not need an appointment.
They can help with small injuries and common illnesses.",0131 332 3602,,1
ph_2444,The Red Band Chemical Co Ltd,Pharmacy,"6 Milton Road West, Edinburgh",EH151LF,55.943656,-3.117802,,,,Call the pharmacy for opening times,Walk in - no appointment needed,Advice and treatment for minor injuries and common illnesses,0,NHS Scotland,opendata.nhs.scot,0,0,all,nhs;pharmacy,"The Red Band Chemical Co Ltd is a pharmacy.
You can ask the pharmacist for advice. You do not need an appointment.
They can help with small injuries and common illnesses.","The Red Band Chemical Co Ltd is a pharmacy.
You can ask the pharmacist for advice. You do not need an appointment.
They can help with small injuries and common illnesses.",0131 669 1532,,1
ph_2557,The Red Band Chemical Company,Pharmacy,"330-332 Portobello High Street, Edinburgh",EH152DA,55.951446,-3.107873,,,,Call the pharmacy for opening times,Walk in - no appointment needed,Advice and treatment for minor injuries and common illnesses,0,NHS Scotland,opendata.nhs.scot,0,0,all,nhs;pharmacy,"The Red Band Chemical Company is a pharmacy.
You can ask the pharmacist for advice. You do not need an appointment.
They can help with small injuries and common illnesses.","The Red Band Chemical Company is a pharmacy.
You can ask the pharmacist for advice. You do not need an appointment.
They can help with small injuries and common illnesses.",0131 669 4331,,1
ph_2225,The Red Band Chemical Company Ltd,Pharmacy,"2 Pentland View Court, Currie",EH145NP,55.895557,-3.312631,,,,Call the pharmacy for opening times,Walk in - no appointment needed,Advice and treatment for minor injuries and common illnesses,0,NHS Scotland,opendata.nhs.scot,0,0,all,nhs;pharmacy,"The Red Band Chemical Company Ltd is a pharmacy.
You can ask the pharmacist for advice. You do not need an appointment.
They can help with small injuries and common illnesses.","The Red Band Chemical Company Ltd is a pharmacy.
You can ask the pharmacist for advice. You do not need an appointment.
They can help with small injuries and common illnesses.",0131 4492707,,1
ph_2226,The Red Band Chemical Company Ltd,Pharmacy,"18/20 Woodburn Avenue, Dalkeith",EH222BP,55.892221,-3.056073,,,,Call the pharmacy for opening times,Walk in - no appointment needed,Advice and treatment for minor injuries and common illnesses,0,NHS Scotland,opendata.nhs.scot,0,0,all,nhs;pharmacy,"The Red Band Chemical Company Ltd is a pharmacy.
You can ask the pharmacist for advice. You do not need an appointment.
They can help with small injuries and common illnesses.","The Red Band Chemical Company Ltd is a pharmacy.
You can ask the pharmacist for advice. You do not need an appointment.
They can help with small injuries and common illnesses.",0131 6630372,,1
ph_2227,The Red Band Chemical Company Ltd,Pharmacy,"173 Main Street, East Calder",EH530EW,55.895629,-3.462493,,,,Call the pharmacy for opening times,Walk in - no appointment needed,Advice and treatment for minor injuries and common illnesses,0,NHS Scotland,opendata.nhs.scot,0,0,all,nhs;pharmacy,"The Red Band Chemical Company Ltd is a pharmacy.
You can ask the pharmacist for advice. You do not need an appointment.
They can help with small injuries and common illnesses.","The Red Band Chemical Company Ltd is a pharmacy.
You can ask the pharmacist for advice. You do not need an appointment.
They can help with small injuries and common illnesses.",01506 881935,,1
ph_2229,The Red Band Chemical Company Ltd,Pharmacy,"228-230 Crewe Road North, Edinburgh",EH5 2NS,55.974304,-3.23811,,,,Call the pharmacy for opening times,Walk in - no appointment needed,Advice and treatment for minor injuries and common illnesses,0,NHS Scotland,opendata.nhs.scot,0,0,all,nhs;pharmacy,"The Red Band Chemical Company Ltd is a pharmacy.
You can ask the pharmacist for advice. You do not need an appointment.
They can help with small injuries and common illnesses.","The Red Band Chemical Company Ltd is a pharmacy.
You can ask the pharmacist for advice. You do not need an appointment.
They can help with small injuries and common illnesses.",0131 5524253,,1
ph_2231,The Red Band Chemical Company Ltd,Pharmacy,"11 Elm Row, Edinburgh",EH7 4AA,55.958452,-3.183546,,,,Call the pharmacy for opening times,Walk in - no appointment needed,Advice and treatment for minor injuries and common illnesses,0,NHS Scotland,opendata.nhs.scot,0,0,all,nhs;pharmacy,"The Red Band Chemical Company Ltd is a pharmacy.
You can ask the pharmacist for advice. You do not need an appointment.
They can help with small injuries and common illnesses.","The Red Band Chemical Company Ltd is a pharmacy.
You can ask the pharmacist for advice. You do not need an appointment.
They can help with small injuries and common illnesses.",0131 5564316,,1
ph_2232,The Red Band Chemical Company Ltd,Pharmacy,"257a Leith Walk, Edinburgh",EH6 8NY,55.966151,-3.175194,,,,Call the pharmacy for opening times,Walk in - no appointment needed,Advice and treatment for minor injuries and common illnesses,0,NHS Scotland,opendata.nhs.scot,0,0,all,nhs;pharmacy,"The Red Band Chemical Company Ltd is a pharmacy.
You can ask the pharmacist for advice. You do not need an appointment.
They can help with small injuries and common illnesses.","The Red Band Chemical Company Ltd is a pharmacy.
You can ask the pharmacist for advice. You do not need an appointment.
They can help with small injuries and common illnesses.",0131 554 6591,,1
ph_2344,The Red Band Chemical Company Ltd,Pharmacy,"18/20 Comiston Road, Edinburgh",EH105QE,55.924778,-3.21006,,,,Call the pharmacy for opening times,Walk in - no appointment needed,Advice and treatment for minor injuries and common illnesses,0,NHS Scotland,opendata.nhs.scot,0,0,all,nhs;pharmacy,"The Red Band Chemical Company Ltd is a pharmacy.
You can ask the pharmacist for advice. You do not need an appointment.
They can help with small injuries and common illnesses.","The Red Band Chemical Company Ltd is a pharmacy.
You can ask the pharmacist for advice. You do not need an appointment.
They can help with small injuries and common illnesses.",0131 447 2336,,1
ph_2436,The Red Band Chemical Company Ltd,Pharmacy,"34-36 Main Street, West Calder",EH558DR,55.850685,-3.572941,,,,Call the pharmacy for opening times,Walk in - no appointment needed,Advice and treatment for minor injuries and common illnesses,0,NHS Scotland,opendata.nhs.scot,0,0,all,nhs;pharmacy,"The Red Band Chemical Company Ltd is a pharmacy.
You can ask the pharmacist for advice. You do not need an appointment.
They can help with small injuries and common illnesses.","The Red Band Chemical Company Ltd is a pharmacy.
You can ask the pharmacist for advice. You do not need an appointment.
They can help with small injuries and common illnesses.",01506 871164,,1
ph_2449,The Red Band Chemical Company Ltd,Pharmacy,"37 Moredun Park Road, Edinburgh",EH177ES,55.913352,-3.140878,,,,Call the pharmacy for opening times,Walk in - no appointment needed,Advice and treatment for minor injuries and common illnesses,0,NHS Scotland,opendata.nhs.scot,0,0,all,nhs;pharmacy,"The Red Band Chemical Company Ltd is a pharmacy.
You can ask the pharmacist for advice. You do not need an appointment.
They can help with small injuries and common illnesses.","The Red Band Chemical Company Ltd is a pharmacy.
You can ask the pharmacist for advice. You do not need an appointment.
They can help with small injuries and common illnesses.",0131 664 2119,,1
ph_2522,The Red Band Chemical Company Ltd,Pharmacy,"107 Slateford Road, Edinburgh",EH111QY,55.933013,-3.235032,,,,Call the pharmacy for opening times,Walk in - no appointment needed,Advice and treatment for minor injuries and common illnesses,0,NHS Scotland,opendata.nhs.scot,0,0,all,nhs;pharmacy,"The Red Band Chemical Company Ltd is a pharmacy.
You can ask the pharmacist for advice. You do not need an appointment.
They can help with small injuries and common illnesses.","The Red Band Chemical Company Ltd is a pharmacy.
You can ask the pharmacist for advice. You do not need an appointment.
They can help with small injuries and common illnesses.",0131 337 3405,,1
ph_2565,The Red Band Chemical Company Ltd,Pharmacy,"24 Main Street, Balerno",EH147EH,55.883755,-3.338867,,,,Call the pharmacy for opening times,Walk in - no appointment needed,Advice and treatment for minor injuries and common illnesses,0,NHS Scotland,opendata.nhs.scot,0,0,all,nhs;pharmacy,"The Red Band Chemical Company Ltd is a pharmacy.
You can ask the pharmacist for advice. You do not need an appointment.
They can help with small injuries and common illnesses.","The Red Band Chemical Company Ltd is a pharmacy.
You can ask the pharmacist for advice. You do not need an appointment.
They can help with small injuries and common illnesses.",0131 449 5477,,1
ph_2453,Tinkler Ltd,Pharmacy,"45 Forrest Road, Edinburgh",EH1 2QP,55.945661,-3.191482,,,,Call the pharmacy for opening times,Walk in - no appointment needed,Advice and treatment for minor injuries and common illnesses,0,NHS Scotland,opendata.nhs.scot,0,0,all,nhs;pharmacy,"Tinkler Ltd is a pharmacy.
You can ask the pharmacist for advice. You do not need an appointment.
They can help with small injuries and common illnesses.","Tinkler Ltd is a pharmacy.
You can ask the pharmacist for advice. You do not need an appointment.
They can help with small injuries and common illnesses.",0131 225 7770,,1
ph_2497,Tinkler Ltd,Pharmacy,"67 High Street, Edinburgh",EH1 1SR,55.950675,-3.184926,,,,Call the pharmacy for opening times,Walk in - no appointment needed,Advice and treatment for minor injuries and common illnesses,0,NHS Scotland,opendata.nhs.scot,0,0,all,nhs;pharmacy,"Tinkler Ltd is a pharmacy.
You can ask the pharmacist for advice. You do not need an appointment.
They can help with small injuries and common illnesses.","Tinkler Ltd is a pharmacy.
You can ask the pharmacist for advice. You do not need an appointment.
They can help with small injuries and common illnesses.",0131 556 1971,,1
ph_2617,Tpb Partnership LLP,Pharmacy,"269 High Street, Linlithgow, West Lothian",EH497EP,55.975833,-3.607809,,,,Call the pharmacy for opening times,Walk in - no appointment needed,Advice and treatment for minor injuries and common illnesses,0,NHS Scotland,opendata.nhs.scot,0,0,all,nhs;pharmacy,"Tpb Partnership LLP is a pharmacy.
You can ask the pharmacist for advice. You do not need an appointment.
They can help with small injuries and common illnesses.","Tpb Partnership LLP is a pharmacy.
You can ask the pharmacist for advice. You do not need an appointment.
They can help with small injuries and common illnesses.",NA,,1
ph_2584,Tr Medic Ltd,Pharmacy,"7 Crighton Place, Edinburgh",EH7 4NZ,55.962796,-3.178344,,,,Call the pharmacy for opening times,Walk in - no appointment needed,Advice and treatment for minor injuries and common illnesses,0,NHS Scotland,opendata.nhs.scot,0,0,all,nhs;pharmacy,"Tr Medic Ltd is a pharmacy.
You can ask the pharmacist for advice. You do not need an appointment.
They can help with small injuries and common illnesses.","Tr Medic Ltd is a pharmacy.
You can ask the pharmacist for advice. You do not need an appointment.
They can help with small injuries and common illnesses.",0131 5639123,,1
ph_2602,Tr Medic Ltd,Pharmacy,"26 Wester Hailes Crescent, Shopping Centre, Edinburgh",EH142SW,55.915582,-3.284844,,,,Call the pharmacy for opening times,Walk in - no appointment needed,Advice and treatment for minor injuries and common illnesses,0,NHS Scotland,opendata.nhs.scot,0,0,all,nhs;pharmacy,"Tr Medic Ltd is a pharmacy.
You can ask the pharmacist for advice. You do not need an appointment.
They can help with small injuries and common illnesses.","Tr Medic Ltd is a pharmacy.
You can ask the pharmacist for advice. You do not need an appointment.
They can help with small injuries and common illnesses.",0131 275 4660,,1
ph_2514,Web Pharmacy,Pharmacy,"9-11 Roseburn Terrace, Edinburgh",EH125NG,55.945351,-3.234016,,,,Call the pharmacy for opening times,Walk in - no appointment needed,Advice and treatment for minor injuries and common illnesses,0,NHS Scotland,opendata.nhs.scot,0,0,all,nhs;pharmacy,"Web Pharmacy is a pharmacy.
You can ask the pharmacist for advice. You do not need an appointment.
They can help with small injuries and common illnesses.","Web Pharmacy is a pharmacy.
You can ask the pharmacist for advice. You do not need an appointment.
They can help with small injuries and common illnesses.",0131 337 4084,,1
ph_2525,Web Pharmacy Ltd,Pharmacy,"20 High Street, Haddington",EH413ES,55.95517,-2.77599,,,,Call the pharmacy for opening times,Walk in - no appointment needed,Advice and treatment for minor injuries and common illnesses,0,NHS Scotland,opendata.nhs.scot,0,0,all,nhs;pharmacy,"Web Pharmacy Ltd is a pharmacy.
You can ask the pharmacist for advice. You do not need an appointment.
They can help with small injuries and common illnesses.","Web Pharmacy Ltd is a pharmacy.
You can ask the pharmacist for advice. You do not need an appointment.
They can help with small injuries and common illnesses.",01620 822361,,1
ph_8070,Web Pharmacy Ltd,Pharmacy,"20 High Street, Peebles",EH458SF,55.651957,-3.189869,,,,Call the pharmacy for opening times,Walk in - no appointment needed,Advice and treatment for minor injuries and common illnesses,0,NHS Scotland,opendata.nhs.scot,0,0,all,nhs;pharmacy,"Web Pharmacy Ltd is a pharmacy.
You can ask the pharmacist for advice. You do not need an appointment.
They can help with small injuries and common illnesses.","Web Pharmacy Ltd is a pharmacy.
You can ask the pharmacist for advice. You do not need an appointment.
They can help with small injuries and common illnesses.",01721 720729,,1
ph_2589,Wellbeing Pharmacies Limited,Pharmacy,"2a Hamilton Square, Murieston Medical Practice, Murieston, Livingston",EH549JZ,55.87029,-3.507105,,,,Call the pharmacy for opening times,Walk in - no appointment needed,Advice and treatment for minor injuries and common illnesses,0,NHS Scotland,opendata.nhs.scot,0,0,all,nhs;pharmacy,"Wellbeing Pharmacies Limited is a pharmacy.
You can ask the pharmacist for advice. You do not need an appointment.
They can help with small injuries and common illnesses.","Wellbeing Pharmacies Limited is a pharmacy.
You can ask the pharmacist for advice. You do not need an appointment.
They can help with small injuries and common illnesses.",01506465035,,1
ph_8059,West Linton Pharmacy Ltd,Pharmacy,"Main Street, West Linton, Peebleshire",EH467EE,55.751465,-3.355425,,,,Call the pharmacy for opening times,Walk in - no appointment needed,Advice and treatment for minor injuries and common illnesses,0,NHS Scotland,opendata.nhs.scot,0,0,all,nhs;pharmacy,"West Linton Pharmacy Ltd is a pharmacy.
You can ask the pharmacist for advice. You do not need an appointment.
They can help with small injuries and common illnesses.","West Linton Pharmacy Ltd is a pharmacy.
You can ask the pharmacist for advice. You do not need an appointment.
They can help with small injuries and common illnesses.",01968 660212,,1
ph_2517,Williams & Barry Ltd,Pharmacy,"35-37 North West Circus Place, Edinburgh",EH3 6TW,55.957165,-3.206875,,,,Call the pharmacy for opening times,Walk in - no appointment needed,Advice and treatment for minor injuries and common illnesses,0,NHS Scotland,opendata.nhs.scot,0,0,all,nhs;pharmacy,"Williams & Barry Ltd is a pharmacy.
You can ask the pharmacist for advice. You do not need an appointment.
They can help with small injuries and common illnesses.","Williams & Barry Ltd is a pharmacy.
You can ask the pharmacist for advice. You do not need an appointment.
They can help with small injuries and common illnesses.",0131 220 9150,,1
ph_2463,Wm Morrison Supermarket Ltd,Pharmacy,"Dedridge Road North, Livingston, West Lothian",EH546DB,55.877377,-3.521222,,,,Call the pharmacy for opening times,Walk in - no appointment needed,Advice and treatment for minor injuries and common illnesses,0,NHS Scotland,opendata.nhs.scot,0,0,all,nhs;pharmacy,"Wm Morrison Supermarket Ltd is a pharmacy.
You can ask the pharmacist for advice. You do not need an appointment.
They can help with small injuries and common illnesses.","Wm Morrison Supermarket Ltd is a pharmacy.
You can ask the pharmacist for advice. You do not need an appointment.
They can help with small injuries and common illnesses.",01506 462003,,1
ph_2464,Wm Morrison Supermarket Ltd,Pharmacy,"Carmondean Centre, Livingston, West Lothian",EH548PT,55.901798,-3.545978,,,,Call the pharmacy for opening times,Walk in - no appointment needed,Advice and treatment for minor injuries and common illnesses,0,NHS Scotland,opendata.nhs.scot,0,0,all,nhs;pharmacy,"Wm Morrison Supermarket Ltd is a pharmacy.
You can ask the pharmacist for advice. You do not need an appointment.
They can help with small injuries and common illnesses.","Wm Morrison Supermarket Ltd is a pharmacy.
You can ask the pharmacist for advice. You do not need an appointment.
They can help with small injuries and common illnesses.",01506 430449,,1
ph_2560,Wooton Pharmacy Ltd,Pharmacy,"168 Portobello High Street, Edinburgh",EH151EX,55.952646,-3.113321,,,,Call the pharmacy for opening times,Walk in - no appointment needed,Advice and treatment for minor injuries and common illnesses,0,NHS Scotland,opendata.nhs.scot,0,0,all,nhs;pharmacy,"Wooton Pharmacy Ltd is a pharmacy.
You can ask the pharmacist for advice. You do not need an appointment.
They can help with small injuries and common illnesses.","Wooton Pharmacy Ltd is a pharmacy.
You can ask the pharmacist for advice. You do not need an appointment.
They can help with small injuries and common illnesses.",0131 669 3100,,1
